Rel_group,TagID_Hex,Time_in_ana,Time_out_anac,DrugTime,Weight,Length,CF,Scales,Fins,Eyes,Time_out_surgery,SurgTime,Time_recovered,Surgeon,Data_Rec,HT_Temp,HT_DO,SB_Temp,SB_DO,Bleeding,Notes,Num_sutures,Tag_placement,Tag_Weight,DateTagged
2019UP,C569,00-Jan-00,00-Jan-00,129,5.6,83,0.98,,,,00-Jan-00,123,00-Jan-00,GS,AA,,,,,,,1,TP,0.217,21-Feb-19
2019UP,BDB6,00-Jan-00,00-Jan-00,141,5.2,79,1.05,,,,00-Jan-00,114,00-Jan-00,GS,AA,,,,,1,,1,TP,0.217,21-Feb-19
2019UP,BB34,00-Jan-00,00-Jan-00,83,6.1,83,1.07,,,,00-Jan-00,109,00-Jan-00,GS,AA,,,,,1,,1,TP,0.217,21-Feb-19
2019UP,BCD2,00-Jan-00,00-Jan-00,135,6.3,82,1.14,,,,00-Jan-00,98,00-Jan-00,GS,AA,,,,,1,,1,TP,0.217,21-Feb-19
2019UP,BA8D,00-Jan-00,00-Jan-00,152,4.9,78,1.03,,,,00-Jan-00,98,00-Jan-00,GS,AA,,,,,,,1,TP,0.217,21-Feb-19
2019UP,BDAB,00-Jan-00,00-Jan-00,140,5.6,84,0.94,,,,00-Jan-00,95,00-Jan-00,GS,AA,,,,,1,,1,TP,0.217,21-Feb-19
2019UP,C14A,00-Jan-00,00-Jan-00,113,5.6,81,1.05,,,,00-Jan-00,115,00-Jan-00,GS,AA,8.2,10.32,8.4,10.41,1,,1,TP,0.217,21-Feb-19
2019UP,BA98,00-Jan-00,00-Jan-00,125,4.5,76,1.03,,,,00-Jan-00,99,00-Jan-00,GS,AA,,,,,,,1,TP,0.217,21-Feb-19
2019UP,BA6B,00-Jan-00,00-Jan-00,190,6.1,83,1.07,,,,00-Jan-00,87,00-Jan-00,GS,AA,,,,,,,1,TP,0.217,21-Feb-19
2019UP,BB12,00-Jan-00,00-Jan-00,140,4.5,77,0.99,,,,00-Jan-00,117,00-Jan-00,GS,AA,,,,,,,1,TP,0.217,21-Feb-19
2019UP,C514,00-Jan-00,00-Jan-00,400,5.1,81,0.96,,,,00-Jan-00,82,00-Jan-00,GS,AA,,,,,1,,1,TP,0.217,21-Feb-19
2019UP,C550,00-Jan-00,00-Jan-00,113,4.4,78,0.93,,,,00-Jan-00,95,00-Jan-00,GS,AA,,,,,,,1,TP,0.217,21-Feb-19
2019UP,C53A,00-Jan-00,00-Jan-00,145,4.3,79,0.87,,,,00-Jan-00,85,00-Jan-00,GS,AA,,,,,,,1,TP,0.217,21-Feb-19
2019UP,C8A2,00-Jan-00,00-Jan-00,157,5.2,80,1.02,,,,00-Jan-00,87,00-Jan-00,GS,AA,,,,,1,,1,TP,0.217,21-Feb-19
2019UP_TE,BC92,00-Jan-00,00-Jan-00,172,4.8,79,0.97,,,,00-Jan-00,83,00-Jan-00,GS,AA,,,,,,,1,TP,0.217,21-Feb-19
2019UP,BC9A,00-Jan-00,00-Jan-00,111,5.9,83,1.03,,,,00-Jan-00,95,00-Jan-00,GS,AA,,,,,1,,1,TP,0.217,21-Feb-19
2019UP,C8BA,00-Jan-00,00-Jan-00,132,4.3,76,0.98,,,,00-Jan-00,80,00-Jan-00,GS,AA,,,,,,,1,TP,0.217,21-Feb-19
2019UP,C22A,00-Jan-00,00-Jan-00,92,4.5,76,1.03,,,,00-Jan-00,63,00-Jan-00,GS,AA,8.3,10.33,8.4,10.44,,,1,TP,0.217,21-Feb-19
2019UP,BB68,00-Jan-00,00-Jan-00,176,5.1,81,0.96,,,,00-Jan-00,96,00-Jan-00,GS,AA,,,,,1,,1,TP,0.217,21-Feb-19
2019UP,BB59,00-Jan-00,00-Jan-00,144,4.4,77,0.96,,,,00-Jan-00,81,00-Jan-00,GS,AA,,,,,,,1,TP,0.217,21-Feb-19
2019UP,BF54,00-Jan-00,00-Jan-00,105,4.5,76,1.03,,,,00-Jan-00,77,00-Jan-00,GS,AA,,,,,,,1,TP,0.217,21-Feb-19
2019UP,BB51,00-Jan-00,00-Jan-00,116,5.3,79,1.07,,,,00-Jan-00,68,00-Jan-00,GS,AA,,,,,,,1,TP,0.217,21-Feb-19
2019UP,BD32,00-Jan-00,00-Jan-00,147,5.5,82,1.00,,,,00-Jan-00,69,00-Jan-00,GS,AA,,,,,1,,1,TP,0.217,21-Feb-19
2019UP,BA74,00-Jan-00,00-Jan-00,117,5.1,79,1.03,,,,00-Jan-00,90,00-Jan-00,GS,AA,,,,,,,1,TP,0.217,21-Feb-19
2019UP,BC94,00-Jan-00,00-Jan-00,151,5.9,85,0.96,,,,00-Jan-00,80,00-Jan-00,GS,AA,,,,,1,,1,TP,0.217,21-Feb-19
2019UP,C551,00-Jan-00,00-Jan-00,156,5.2,81,0.98,,,,00-Jan-00,68,00-Jan-00,GS,AA,,,,,,,1,TP,0.217,21-Feb-19
2019UP,BD29,00-Jan-00,00-Jan-00,157,4.3,76,0.98,,,,00-Jan-00,83,00-Jan-00,GS,AA,,,,,,,1,TP,0.217,21-Feb-19
2019UP,C8AC,00-Jan-00,00-Jan-00,140,5.9,86,0.93,,,,00-Jan-00,85,00-Jan-00,GS,AA,,,,,1,,1,TP,0.217,21-Feb-19
2019UP,BBB2,00-Jan-00,00-Jan-00,122,6.2,85,1.01,,,,00-Jan-00,84,00-Jan-00,GS,AA,,,,,,,1,TP,0.217,21-Feb-19
2019UP,BB4D,00-Jan-00,00-Jan-00,127,5.2,80,1.02,,,,00-Jan-00,105,00-Jan-00,GS,AA,,,,,,,1,TP,0.217,21-Feb-19
2019UP_TE,BA6D,00-Jan-00,00-Jan-00,167,5.6,83,0.98,,,,00-Jan-00,110,00-Jan-00,GS,AA,,,,,,,1,TP,0.217,21-Feb-19
2019UP,BD94,00-Jan-00,00-Jan-00,154,4.7,79,0.95,,,,00-Jan-00,82,00-Jan-00,GS,AA,,,,,,,1,TP,0.217,21-Feb-19
2019UP,BCA9,00-Jan-00,00-Jan-00,135,6.3,85,1.03,,,,00-Jan-00,88,00-Jan-00,GS,AA,,,,,,suture fair,1,TP,0.217,21-Feb-19
2019UP,BB46,00-Jan-00,00-Jan-00,130,5.7,83,1.00,,,,00-Jan-00,64,00-Jan-00,GS,AA,,,,,,,1,TP,0.217,21-Feb-19
2019UP,BED6,00-Jan-00,00-Jan-00,143,5.2,81,0.98,,,,00-Jan-00,92,00-Jan-00,GS,AA,,,,,,,1,TP,0.217,21-Feb-19
2019UP,BDAE,00-Jan-00,00-Jan-00,175,5.6,83,0.98,,,,00-Jan-00,61,00-Jan-00,GS,AA,,,,,,,1,TP,0.217,21-Feb-19
2019UP,C5AB,00-Jan-00,00-Jan-00,127,5.3,81,1.00,,,,00-Jan-00,73,00-Jan-00,GS,AA,,,,,,,1,TP,0.217,21-Feb-19
2019UP,BD66,00-Jan-00,00-Jan-00,111,4.5,79,0.91,,,,00-Jan-00,80,00-Jan-00,GS,AA,,,,,,,1,TP,0.217,21-Feb-19
2019UP,BB76,00-Jan-00,00-Jan-00,128,5.2,80,1.02,,,,00-Jan-00,83,00-Jan-00,GS,AA,,,,,,split caudal fin,1,TP,0.217,21-Feb-19
2019UP,BAE8,00-Jan-00,00-Jan-00,140,4.4,77,0.96,,,,00-Jan-00,76,00-Jan-00,GS,AA,,,,,1,8 looks like a 6,1,TP,0.217,21-Feb-19
2019UP,BC96,00-Jan-00,00-Jan-00,130,5,79,1.01,,,,00-Jan-00,82,00-Jan-00,GS,AA,,,,,1,,1,TP,0.217,21-Feb-19
2019UP,BA5B,00-Jan-00,00-Jan-00,156,4.9,78,1.03,,,,00-Jan-00,75,00-Jan-00,GS,AA,,,,,,,1,TP,0.217,21-Feb-19
2019UP,BB48,00-Jan-00,00-Jan-00,143,5.4,82,0.98,,,,00-Jan-00,76,00-Jan-00,GS,AA,,,,,1,,1,TP,0.217,21-Feb-19
2019UP,C6DA,00-Jan-00,00-Jan-00,144,4.5,77,0.99,,,,00-Jan-00,91,00-Jan-00,GS,AA,,,,,1,,1,TP,0.217,21-Feb-19
2019UP_TE,C4CA,00-Jan-00,00-Jan-00,283,5.2,81,0.98,,,,00-Jan-00,62,00-Jan-00,GS,AA,,,,,,,1,TP,0.217,21-Feb-19
2019UP,C592,00-Jan-00,00-Jan-00,130,4.6,80,0.90,,,,00-Jan-00,81,00-Jan-00,GS,AA,,,,,1,,1,TP,0.217,21-Feb-19
2019UP,BACE,00-Jan-00,00-Jan-00,148,5,80,0.98,,,,00-Jan-00,89,00-Jan-00,GS,AA,,,,,1,,1,TP,0.217,21-Feb-19
2019UP,BD42,00-Jan-00,00-Jan-00,207,5.7,83,1.00,,,,00-Jan-00,84,00-Jan-00,GS,AA,,,,,1,,1,TP,0.217,21-Feb-19
2019UP,BD44,00-Jan-00,00-Jan-00,176,4.6,78,0.97,,,,00-Jan-00,79,00-Jan-00,GS,AA,,,,,1,,1,TP,0.217,21-Feb-19
2019UP,BBB5,00-Jan-00,00-Jan-00,193,5,80,0.98,,,,00-Jan-00,74,00-Jan-00,GS,AA,,,,,,,1,TP,0.217,21-Feb-19
2019UP,C6AD,00-Jan-00,00-Jan-00,154,4.3,75,1.02,,,,00-Jan-00,79,00-Jan-00,GS,AA,,,,,1,,1,TP,0.217,21-Feb-19
2019UP,C8B4,00-Jan-00,00-Jan-00,140,5,79,1.01,,,,00-Jan-00,68,00-Jan-00,GS,AA,,,,,1,,1,TP,0.217,21-Feb-19
2019UP,BCD5,00-Jan-00,00-Jan-00,215,5.7,84,0.96,,,,00-Jan-00,66,00-Jan-00,GS,AA,8.5,10.12,10.6,10.2,1,,1,TP,0.217,21-Feb-19
2019UP,BB25,00-Jan-00,00-Jan-00,101,4.9,78,1.03,,,,00-Jan-00,103,00-Jan-00,GS,AA,,,,,1,sutures fair,1,TP,0.217,21-Feb-19
2019UP,C65A,00-Jan-00,00-Jan-00,173,5.1,79,1.03,,,,00-Jan-00,69,00-Jan-00,GS,AA,,,,,,,1,TP,0.217,21-Feb-19
2019UP,BAB7,00-Jan-00,00-Jan-00,125,4.6,77,1.01,,,,00-Jan-00,88,00-Jan-00,GS,AA,,,,,,,1,TP,0.217,21-Feb-19
2019UP,BAB9,00-Jan-00,00-Jan-00,163,4.8,77,1.05,,,,00-Jan-00,116,00-Jan-00,GS,AA,,,,,,,1,TP,0.217,21-Feb-19
2019UP,BAE9,00-Jan-00,00-Jan-00,111,4.7,77,1.03,,,,00-Jan-00,72,00-Jan-00,GS,AA,8.2,10.2,8.7,10.35,,,1,TP,0.217,21-Feb-19
2019UP,BD58,00-Jan-00,00-Jan-00,205,4.5,77,0.99,,,,00-Jan-00,71,00-Jan-00,GS,AA,,,,,,,1,TP,0.217,21-Feb-19
2019UP,BAE6,00-Jan-00,00-Jan-00,227,5,79,1.01,,,,00-Jan-00,65,00-Jan-00,GS,AA,,,,,,,1,TP,0.217,21-Feb-19
2019UP,BC4A,00-Jan-00,00-Jan-00,119,4.3,77,0.94,,,,00-Jan-00,85,00-Jan-00,GS,AA,,,,,,,1,TP,0.217,21-Feb-19
2019UP_TE,C6AC,00-Jan-00,00-Jan-00,220,5.4,81,1.02,,,,00-Jan-00,87,00-Jan-00,GS,AA,,,,,,,1,TP,0.217,21-Feb-19
2019UP,C548,00-Jan-00,00-Jan-00,225,4.7,80,0.92,,,,00-Jan-00,69,00-Jan-00,GS,AA,,,,,,,1,TP,0.217,21-Feb-19
2019UP,C152,00-Jan-00,00-Jan-00,120,4.3,75,1.02,,,,00-Jan-00,127,00-Jan-00,GS,AA,,,,,1,,1,TP,0.217,21-Feb-19
2019UP,BCA4,00-Jan-00,00-Jan-00,175,5.2,81,0.98,,,,00-Jan-00,81,00-Jan-00,GS,AA,,,,,,,1,TP,0.217,21-Feb-19
2019UP,BBD4,00-Jan-00,00-Jan-00,145,5.2,80,1.02,,,,00-Jan-00,70,00-Jan-00,GS,AA,,,,,,,1,TP,0.217,21-Feb-19
2019UP,C8A5,00-Jan-00,00-Jan-00,182,5,80,0.98,,,,00-Jan-00,67,00-Jan-00,GS,AA,,,,,1,,1,TP,0.217,21-Feb-19
2019UP,C754,00-Jan-00,00-Jan-00,134,4.3,76,0.98,,,,00-Jan-00,80,00-Jan-00,GS,AA,,,,,,,1,TP,0.217,21-Feb-19
2019UP,C496,00-Jan-00,00-Jan-00,195,4.5,78,0.95,,,,00-Jan-00,96,00-Jan-00,GS,AA,,,,,1,,1,TP,0.217,21-Feb-19
2019UP,BE6A,00-Jan-00,00-Jan-00,158,5.1,82,0.92,,,,00-Jan-00,78,00-Jan-00,GS,AA,,,,,1,,1,TP,0.217,21-Feb-19
2019UP,BAC9,00-Jan-00,00-Jan-00,182,6.2,86,0.97,,,,00-Jan-00,70,00-Jan-00,GS,AA,,,,,1,split caudal,1,TP,0.217,21-Feb-19
2019UP,BD4E,00-Jan-00,00-Jan-00,190,4.5,76,1.03,,,,00-Jan-00,89,00-Jan-00,GS,AA,,,,,,,1,TP,0.217,21-Feb-19
2019UP,BE5A,00-Jan-00,00-Jan-00,89,5.1,80,1.00,,,,00-Jan-00,77,00-Jan-00,GS,AA,7.8,11.39,6.9,11.64,,,1,TP,0.217,21-Feb-19
2019UP,C72A,00-Jan-00,00-Jan-00,103,4.6,77,1.01,,,,00-Jan-00,81,00-Jan-00,GS,AA,,,,,,,1,TP,0.217,22-Feb-19
2019UP,C566,00-Jan-00,00-Jan-00,151,6,86,0.94,,,,00-Jan-00,79,00-Jan-00,GS,AA,,,,,1,short left operculum,1,TP,0.217,22-Feb-19
2019UP,BAED,00-Jan-00,00-Jan-00,141,4.8,78,1.01,,,,00-Jan-00,111,00-Jan-00,GS,AA,,,,,,had trouble activating,1,TP,0.217,22-Feb-19
2019UP,BD50,00-Jan-00,00-Jan-00,168,5.2,80,1.02,,,,00-Jan-00,66,00-Jan-00,GS,AA,,,,,,,1,TP,0.217,22-Feb-19
2019UP,BA86,00-Jan-00,00-Jan-00,129,5.3,81,1.00,,,,00-Jan-00,73,00-Jan-00,GS,AA,,,,,,,1,TP,0.217,22-Feb-19
2019UP,BD2C,00-Jan-00,00-Jan-00,136,4.3,76,0.98,,,,00-Jan-00,85,00-Jan-00,GS,AA,,,,,,,1,TP,0.217,22-Feb-19
2019UP,C94D,00-Jan-00,00-Jan-00,150,5.2,80,1.02,,,,00-Jan-00,87,00-Jan-00,GS,AA,,,,,,,1,TP,0.217,22-Feb-19
2019UP,C88A,00-Jan-00,00-Jan-00,170,5.3,81,1.00,,,,00-Jan-00,79,00-Jan-00,GS,AA,,,,,1,fair sutures,1,TP,0.217,22-Feb-19
2019UP,C5B4,00-Jan-00,00-Jan-00,169,5.6,83,0.98,,,,00-Jan-00,77,00-Jan-00,GS,AA,,,,,,,1,TP,0.217,22-Feb-19
2019UP,BDA8,00-Jan-00,00-Jan-00,146,4.9,80,0.96,,,,00-Jan-00,84,00-Jan-00,GS,AA,,,,,,,1,TP,0.217,22-Feb-19
2019UP,BAC2,00-Jan-00,00-Jan-00,185,5.1,81,0.96,,,,00-Jan-00,66,00-Jan-00,GS,AA,,,,,,,1,TP,0.217,22-Feb-19
2019UP,BEB4,00-Jan-00,00-Jan-00,164,5.8,83,1.01,,,,00-Jan-00,76,00-Jan-00,GS,AA,,,,,,,1,TP,0.217,22-Feb-19
2019UP,C557,00-Jan-00,00-Jan-00,176,5.2,79,1.05,,,,00-Jan-00,76,00-Jan-00,GS,AA,,,,,,,1,TP,0.217,22-Feb-19
2019UP,C5AE,00-Jan-00,00-Jan-00,158,5,80,0.98,,,,00-Jan-00,62,00-Jan-00,GS,AA,,,,,,,1,TP,0.217,22-Feb-19
2019UP_TE,BCAD,00-Jan-00,00-Jan-00,136,6.1,85,0.99,,,,00-Jan-00,87,00-Jan-00,GS,AA,,,,,1,,1,TP,0.217,22-Feb-19
2019UP,C2A8,00-Jan-00,00-Jan-00,112,6.1,85,0.99,,,,00-Jan-00,96,00-Jan-00,GS,AA,8.2,11.29,7.8,11.64,,,1,TP,0.217,22-Feb-19
2019UP,C86A,00-Jan-00,00-Jan-00,165,5.3,82,0.96,,,,00-Jan-00,78,00-Jan-00,GS,AA,,,,,,,1,TP,0.217,22-Feb-19
2019UP,BCAB,00-Jan-00,00-Jan-00,151,5.2,82,0.94,,,,00-Jan-00,85,00-Jan-00,GS,AA,,,,,,fair incision,1,TP,0.217,22-Feb-19
2019UP,BEA2,00-Jan-00,00-Jan-00,140,5.5,82,1.00,,,,00-Jan-00,70,00-Jan-00,GS,AA,,,,,,,1,TP,0.217,22-Feb-19
2019UP,C56B,00-Jan-00,00-Jan-00,151,4.9,79,0.99,,,,00-Jan-00,73,00-Jan-00,GS,AA,,,,,,,1,TP,0.217,22-Feb-19
2019UP,C576,00-Jan-00,00-Jan-00,111,5.1,79,1.03,,,,00-Jan-00,93,00-Jan-00,GS,AA,,,,,,,1,TP,0.217,22-Feb-19
2019UP,C52D,00-Jan-00,00-Jan-00,103,4.6,77,1.01,,,,00-Jan-00,68,00-Jan-00,GS,AA,,,,,1,,1,TP,0.217,22-Feb-19
2019UP,C354,00-Jan-00,00-Jan-00,134,5,80,0.98,,,,00-Jan-00,91,00-Jan-00,GS,AA,,,,,,,1,TP,0.217,22-Feb-19
2019UP,C5A4,00-Jan-00,00-Jan-00,160,4.9,79,0.99,,,,00-Jan-00,75,00-Jan-00,GS,AA,,,,,,,1,TP,0.217,22-Feb-19
2019UP,C2AB,00-Jan-00,00-Jan-00,131,5.7,85,0.93,,,,00-Jan-00,89,00-Jan-00,GS,AA,,,,,1,,1,TP,0.217,22-Feb-19
2019UP,BA97,00-Jan-00,00-Jan-00,148,4.4,76,1.00,,,,00-Jan-00,94,00-Jan-00,GS,AA,,,,,,,1,TP,0.217,22-Feb-19
2019UP,C66A,00-Jan-00,00-Jan-00,166,4.8,78,1.01,,,,00-Jan-00,108,00-Jan-00,GS,AA,,,,,1,,1,TP,0.217,22-Feb-19
2019UP,C3AA,00-Jan-00,00-Jan-00,167,5.5,80,1.07,fair,,,00-Jan-00,92,00-Jan-00,GS,AA,,,,,1,,1,TP,0.217,22-Feb-19
2019UP,BB5B,00-Jan-00,00-Jan-00,213,4.6,77,1.01,,,,00-Jan-00,87,00-Jan-00,GS,AA,,,,,,,1,TP,0.217,22-Feb-19
2019UP_TE,C4A2,00-Jan-00,00-Jan-00,166,4.5,76,1.03,,,,00-Jan-00,74,00-Jan-00,GS,AA,,,,,1,,1,TP,0.217,22-Feb-19
2019UP,C58A,00-Jan-00,00-Jan-00,216,5.5,81,1.03,,,,00-Jan-00,78,00-Jan-00,GS,AA,,,,,,,1,TP,0.217,22-Feb-19
2019UP,BDEA,00-Jan-00,00-Jan-00,134,5,81,0.94,,,,00-Jan-00,93,00-Jan-00,GS,AA,,,,,,short right operculum,1,TP,0.217,22-Feb-19
2019UP,BA65,00-Jan-00,00-Jan-00,168,4.3,77,0.94,,,,00-Jan-00,105,00-Jan-00,GS,AA,,,,,,,1,TP,0.217,22-Feb-19
2019UP,C8D2,00-Jan-00,00-Jan-00,176,5.2,81,0.98,,,,00-Jan-00,74,00-Jan-00,GS,AA,,,,,,,1,TP,0.217,22-Feb-19
2019UP,BA64,00-Jan-00,00-Jan-00,154,4.9,79,0.99,,,,00-Jan-00,73,00-Jan-00,GS,AA,,,,,,,1,TP,0.217,22-Feb-19
2019UP,BDAD,00-Jan-00,00-Jan-00,119,5.1,81,0.96,,,,00-Jan-00,79,00-Jan-00,GS,AA,,,,,1,,1,TP,0.217,22-Feb-19
2019UP,C6A4,00-Jan-00,00-Jan-00,161,6,87,0.91,,,,00-Jan-00,78,00-Jan-00,GS,AA,,,,,,,1,TP,0.217,22-Feb-19
2019UP,BA89,00-Jan-00,00-Jan-00,142,5.6,84,0.94,,,,00-Jan-00,78,00-Jan-00,GS,AA,,,,,,,1,TP,0.217,22-Feb-19
2019UP_mort,BCB6_mortality,00-Jan-00,00-Jan-00,141,4.7,78,0.99,,,,00-Jan-00,73,00-Jan-00,GS,AA,,,,,,,1,TP,0.217,22-Feb-19
2019UP,BB28,00-Jan-00,00-Jan-00,144,4.3,76,0.98,,,,00-Jan-00,61,00-Jan-00,GS,AA,,,,,,,1,TP,0.217,22-Feb-19
2019UP,C155,00-Jan-00,00-Jan-00,147,5.2,81,0.98,,,,00-Jan-00,71,00-Jan-00,GS,AA,,,,,,,1,TP,0.217,22-Feb-19
2019UP,BB50,00-Jan-00,00-Jan-00,174,6.4,86,1.01,,,,00-Jan-00,69,00-Jan-00,GS,AA,,,,,,both operculums are short,1,TP,0.217,22-Feb-19
2019UP,BD5C,00-Jan-00,00-Jan-00,133,4.8,79,0.97,fair,,,00-Jan-00,82,00-Jan-00,GS,AA,,,,,1,,1,TP,0.217,22-Feb-19
2019UP,C526,00-Jan-00,00-Jan-00,161,5,79,1.01,,,,00-Jan-00,78,00-Jan-00,GS,AA,,,,,1,,1,TP,0.217,22-Feb-19
2019UP_TE,BAB6,00-Jan-00,00-Jan-00,158,4.9,80,0.96,,,,00-Jan-00,74,00-Jan-00,GS,AA,,,,,,,1,TP,0.217,22-Feb-19
2019UP,C534,00-Jan-00,00-Jan-00,168,5.7,83,1.00,,,,00-Jan-00,78,00-Jan-00,GS,AA,,,,,,,1,TP,0.217,22-Feb-19
2019UP,BCAC,00-Jan-00,00-Jan-00,168,4.3,77,0.94,,,,00-Jan-00,79,00-Jan-00,GS,AA,,,,,,Gabe Golden Gate fantasy fish,1,TP,0.217,22-Feb-19
2019UP,C69A,00-Jan-00,00-Jan-00,201,5.2,81,0.98,,,,00-Jan-00,55,00-Jan-00,GS,AA,,,,,1,split caudal,1,TP,0.217,22-Feb-19
2019UP,C52C,00-Jan-00,00-Jan-00,98,6.3,86,0.99,,,,00-Jan-00,60,00-Jan-00,GS,AA,8.3,11.33,9.1,11.69,1,,1,TP,0.217,22-Feb-19
2019UP,BCB2,00-Jan-00,00-Jan-00,158,4.3,75,1.02,,,,00-Jan-00,65,00-Jan-00,GS,AA,,,,,,Mandi's Golden Gate fantasy fish,1,TP,0.217,22-Feb-19
2019UP,C6A5,00-Jan-00,00-Jan-00,159,4.5,77,0.99,,,,00-Jan-00,73,00-Jan-00,GS,AA,,,,,,,1,TP,0.217,22-Feb-19
2019UP,C4AE,00-Jan-00,00-Jan-00,212,5.1,82,0.92,,,,00-Jan-00,85,00-Jan-00,GS,AA,,,,,,,1,TP,0.217,22-Feb-19
2019UP,C55E,00-Jan-00,00-Jan-00,180,4.5,78,0.95,,,,00-Jan-00,91,00-Jan-00,GS,AA,,,,,,,1,TP,0.217,22-Feb-19
2019UP,C5D5,00-Jan-00,00-Jan-00,146,4.7,78,0.99,,,,00-Jan-00,111,00-Jan-00,GS,AA,8.4,11.33,8.7,11.73,,,1,TP,0.217,22-Feb-19
2019UP,BCD6,00-Jan-00,00-Jan-00,137,4.9,81,0.92,,,,00-Jan-00,76,00-Jan-00,GS,AA,,,,,,,1,TP,0.217,22-Feb-19
2019UP,BBB6,00-Jan-00,00-Jan-00,139,4.8,79,0.97,,,,00-Jan-00,83,00-Jan-00,GS,AA,,,,,,,1,TP,0.217,22-Feb-19
2019UP,BD12,00-Jan-00,00-Jan-00,219,4.4,75,1.04,,,,00-Jan-00,82,00-Jan-00,GS,AA,,,,,,,1,TP,0.217,22-Feb-19
2019UP,BCEA,00-Jan-00,00-Jan-00,185,5.3,80,1.04,,,,00-Jan-00,75,00-Jan-00,GS,AA,,,,,,,1,TP,0.217,22-Feb-19
2019UP,BB5C,00-Jan-00,00-Jan-00,114,4.5,74,1.11,,,,00-Jan-00,83,00-Jan-00,GS,AA,,,,,,,1,TP,0.217,22-Feb-19
2019UP,C2D4,00-Jan-00,00-Jan-00,143,5.1,82,0.92,,,,00-Jan-00,58,00-Jan-00,GS,AA,,,,,,,1,TP,0.217,22-Feb-19
2019UP_TE,BD24,00-Jan-00,00-Jan-00,219,4.8,79,0.97,,,,00-Jan-00,101,00-Jan-00,GS,AA,,,,,,,1,TP,0.217,22-Feb-19
2019UP,BAB8,00-Jan-00,00-Jan-00,158,4.8,79,0.97,,,,00-Jan-00,83,00-Jan-00,GS,AA,,,,,1,,1,TP,0.217,22-Feb-19
2019UP,BA6E,00-Jan-00,00-Jan-00,134,4.8,79,0.97,,,,00-Jan-00,63,00-Jan-00,GS,AA,,,,,,,1,TP,0.217,22-Feb-19
2019UP,C2AA,00-Jan-00,00-Jan-00,235,5.1,78,1.07,,,,00-Jan-00,101,00-Jan-00,GS,AA,,,,,,,1,TP,0.217,22-Feb-19
2019UP,BD4B,00-Jan-00,00-Jan-00,151,5.2,79,1.05,,,,00-Jan-00,79,00-Jan-00,GS,AA,,,,,1,,1,TP,0.217,22-Feb-19
2019UP,BB6D,00-Jan-00,00-Jan-00,223,6.2,87,0.94,,,,00-Jan-00,74,00-Jan-00,GS,AA,,,,,,,1,TP,0.217,22-Feb-19
2019UP,BB72,00-Jan-00,00-Jan-00,145,4.6,79,0.93,,,,00-Jan-00,70,00-Jan-00,GS,AA,,,,,1,sutures fair,1,TP,0.217,22-Feb-19
2019UP,BFAA,00-Jan-00,00-Jan-00,147,5.5,83,0.96,,,,00-Jan-00,67,00-Jan-00,GS,AA,,,,,,,1,TP,0.217,22-Feb-19
2019UP,BD5D,00-Jan-00,00-Jan-00,126,4.4,78,0.93,,,,00-Jan-00,83,00-Jan-00,GS,AA,,,,,,,1,TP,0.217,22-Feb-19
2019UP,BBD2,00-Jan-00,00-Jan-00,101,4.5,78,0.95,,,,00-Jan-00,95,00-Jan-00,GS,AA,8.1,11.46,7.8,11.88,,,1,TP,0.217,23-Feb-19
2019UP,BA90,00-Jan-00,00-Jan-00,88,4.5,77,0.99,,,,00-Jan-00,92,00-Jan-00,GS,AA,,,,,1,,1,TP,0.217,23-Feb-19
2019UP,BEAE,00-Jan-00,00-Jan-00,169,5.3,82,0.96,,,,00-Jan-00,79,00-Jan-00,GS,AA,,,,,1,,1,TP,0.217,23-Feb-19
2019UP,BEAB,00-Jan-00,00-Jan-00,113,4.3,77,0.94,,,,00-Jan-00,68,00-Jan-00,GS,AA,,,,,,,1,TP,0.217,23-Feb-19
2019UP,C25A,00-Jan-00,00-Jan-00,125,4.9,80,0.96,,,,00-Jan-00,66,00-Jan-00,GS,AA,,,,,,,1,TP,0.217,23-Feb-19
2019UP,C574,00-Jan-00,00-Jan-00,163,4.6,79,0.93,,,,00-Jan-00,75,00-Jan-00,GS,AA,,,,,,,1,TP,0.217,23-Feb-19
2019UP,C0AA,00-Jan-00,00-Jan-00,123,4.6,77,1.01,,,,00-Jan-00,74,00-Jan-00,GS,AA,,,,,,,1,TP,0.217,23-Feb-19
2019UP,C2A4,00-Jan-00,00-Jan-00,131,4.4,77,0.96,,,,00-Jan-00,75,00-Jan-00,GS,AA,,,,,,short right operculum,1,TP,0.217,23-Feb-19
2019UP,C8A6,00-Jan-00,00-Jan-00,117,4.4,76,1.00,,,,00-Jan-00,72,00-Jan-00,GS,AA,,,,,,,1,TP,0.217,23-Feb-19
2019UP,C2A6,00-Jan-00,00-Jan-00,134,4.8,78,1.01,,,,00-Jan-00,62,00-Jan-00,GS,AA,,,,,,,1,TP,0.217,23-Feb-19
2019UP,C656,00-Jan-00,00-Jan-00,144,4.8,82,0.87,,,,00-Jan-00,76,00-Jan-00,GS,AA,,,,,,,1,TP,0.217,23-Feb-19
2019UP,BB2D,00-Jan-00,00-Jan-00,145,4.7,78,0.99,,,,00-Jan-00,80,00-Jan-00,GS,AA,,,,,1,,1,TP,0.217,23-Feb-19
2019UP,BAFA,00-Jan-00,00-Jan-00,152,4.6,78,0.97,,,,00-Jan-00,71,00-Jan-00,GS,AA,,,,,,,1,TP,0.217,23-Feb-19
2019UP_TE,C558,00-Jan-00,00-Jan-00,152,5,80,0.98,,,,00-Jan-00,77,00-Jan-00,GS,AA,,,,,,,1,TP,0.217,23-Feb-19
2019UP,BAEB,00-Jan-00,00-Jan-00,188,5.5,80,1.07,,,,00-Jan-00,72,00-Jan-00,GS,AA,,,,,,,1,TP,0.217,23-Feb-19
2019UP,C4EA,00-Jan-00,00-Jan-00,208,5.5,82,1.00,,,,00-Jan-00,71,00-Jan-00,GS,AA,,,,,,,1,TP,0.217,23-Feb-19
2019UP,BD9A,00-Jan-00,00-Jan-00,141,4.9,80,0.96,,,,00-Jan-00,71,00-Jan-00,GS,AA,,,,,2,,1,TP,0.217,23-Feb-19
2019UP,C36A,00-Jan-00,00-Jan-00,145,4.9,79,0.99,,,,00-Jan-00,80,00-Jan-00,GS,AA,,,,,1,,1,TP,0.217,23-Feb-19
2019UP,BBAC,00-Jan-00,00-Jan-00,117,5.2,83,0.91,,,,00-Jan-00,72,00-Jan-00,GS,AA,8.2,11.29,9,11.86,,,1,TP,0.217,23-Feb-19
2019UP,BBA5,00-Jan-00,00-Jan-00,132,5,83,0.87,,,,00-Jan-00,76,00-Jan-00,GS,AA,,,,,1,split caudal,1,TP,0.217,23-Feb-19
2019UP,BD68,00-Jan-00,00-Jan-00,95,6.2,88,0.91,,,,00-Jan-00,83,00-Jan-00,GS,AA,,,,,1,,1,TP,0.217,23-Feb-19
2019UP_TE,C56D,00-Jan-00,00-Jan-00,110,4.6,79,0.93,,,,00-Jan-00,86,00-Jan-00,GS,AA,,,,,1,sutures fair,1,TP,0.217,23-Feb-19
2019UP,BDAC,00-Jan-00,00-Jan-00,94,4.4,77,0.96,,,,00-Jan-00,99,00-Jan-00,GS,AA,,,,,,,1,TP,0.217,23-Feb-19
2019UP,C544,00-Jan-00,00-Jan-00,93,5.5,84,0.93,,,,00-Jan-00,63,00-Jan-00,GS,AA,,,,,1,,1,TP,0.217,23-Feb-19
2019UP,C8B2,00-Jan-00,00-Jan-00,127,5.3,80,1.04,,,,00-Jan-00,81,00-Jan-00,GS,AA,,,,,,,1,TP,0.217,23-Feb-19
2019UP,C6D2,00-Jan-00,00-Jan-00,104,4.8,78,1.01,,,,00-Jan-00,80,00-Jan-00,GS,AA,,,,,,,1,TP,0.217,23-Feb-19
2019UP,BBA8,00-Jan-00,00-Jan-00,146,4.9,81,0.92,,,,00-Jan-00,99,00-Jan-00,GS,AA,,,,,,,1,TP,0.217,23-Feb-19
2019UP,BA68,00-Jan-00,00-Jan-00,185,5.5,83,0.96,,,,00-Jan-00,82,00-Jan-00,GS,AA,,,,,,,1,TP,0.217,23-Feb-19
2019UP,BAD8,00-Jan-00,00-Jan-00,152,5.3,83,0.93,,,,00-Jan-00,81,00-Jan-00,GS,AA,,,,,,,1,TP,0.217,23-Feb-19
2019UP_TE,BEB5,00-Jan-00,00-Jan-00,165,4.3,78,0.91,,,,00-Jan-00,72,00-Jan-00,GS,AA,,,,,,,1,TP,0.217,23-Feb-19
2019UP_dummy,C655_inactive,00-Jan-00,00-Jan-00,127,4.9,78,1.03,,,,00-Jan-00,70,00-Jan-00,GS,AA,,,,,,,1,TP,0.217,23-Feb-19
2019UP,C6BA,00-Jan-00,00-Jan-00,141,5.1,82,0.92,,,,00-Jan-00,82,00-Jan-00,GS,AA,,,,,,,1,TP,0.217,23-Feb-19
2019UP,BE52,00-Jan-00,00-Jan-00,153,4.4,77,0.96,,,,00-Jan-00,82,00-Jan-00,GS,AA,,,,,,,1,TP,0.217,23-Feb-19
2019UP,C5B6,00-Jan-00,00-Jan-00,133,6.1,85,0.99,,,,00-Jan-00,69,00-Jan-00,GS,AA,,,,,,,1,TP,0.217,23-Feb-19
2019UP,BB1A,00-Jan-00,00-Jan-00,121,4.7,77,1.03,,,,00-Jan-00,89,00-Jan-00,GS,AA_or_HB,9.3,11.08,8.8,11.84,,,1,TP,0.217,23-Feb-19
2019UP,C948,00-Jan-00,00-Jan-00,143,4.7,78,0.99,,,,00-Jan-00,65,00-Jan-00,GS,AA_or_HB,,,,,1,,1,TP,0.217,23-Feb-19
2019UP,BB74,00-Jan-00,00-Jan-00,122,4.8,79,0.97,,,,00-Jan-00,86,00-Jan-00,GS,AA_or_HB,,,,,,,1,TP,0.217,23-Feb-19
2019UP_TE,BB54,00-Jan-00,00-Jan-00,134,4.4,78,0.93,,,,00-Jan-00,75,00-Jan-00,GS,AA_or_HB,,,,,,,1,TP,0.217,23-Feb-19
2019UP,BD51,00-Jan-00,00-Jan-00,142,4.6,78,0.97,,,,00-Jan-00,86,00-Jan-00,GS,AA_or_HB,,,,,1,,1,TP,0.217,23-Feb-19
2019UP,BEDA,00-Jan-00,00-Jan-00,149,4.3,76,0.98,,,,00-Jan-00,78,00-Jan-00,GS,AA_or_HB,,,,,1,Heather's Golden Gate Fantasy Champion,1,TP,0.217,23-Feb-19
2019UP,BD34,00-Jan-00,00-Jan-00,164,4.5,78,0.95,,,,00-Jan-00,84,00-Jan-00,GS,AA_or_HB,,,,,1,,1,TP,0.217,23-Feb-19
2019UP,C85A,00-Jan-00,00-Jan-00,132,6.2,85,1.01,,,,00-Jan-00,79,00-Jan-00,GS,AA_or_HB,,,,,1,,1,TP,0.217,23-Feb-19
2019UP,C536,00-Jan-00,00-Jan-00,148,4.9,79,0.99,,,,00-Jan-00,80,00-Jan-00,GS,AA_or_HB,,,,,1,,1,TP,0.217,23-Feb-19
2019UP,BD15,00-Jan-00,00-Jan-00,151,5.5,82,1.00,,,,00-Jan-00,83,00-Jan-00,GS,AA_or_HB,,,,,,,1,TP,0.217,23-Feb-19
2019UP,BCA8,00-Jan-00,00-Jan-00,126,5.1,80,1.00,,,,00-Jan-00,92,00-Jan-00,GS,AA_or_HB,,,,,,,1,TP,0.217,23-Feb-19
2019UP,BBB4,00-Jan-00,00-Jan-00,179,5.4,81,1.02,,,,00-Jan-00,82,00-Jan-00,GS,AA_or_HB,,,,,,,1,TP,0.217,23-Feb-19
2019UP,C35A,00-Jan-00,00-Jan-00,181,4.9,78,1.03,,,,00-Jan-00,82,00-Jan-00,GS,AA_or_HB,,,,,,,1,TP,0.217,23-Feb-19
2019UP,C535,00-Jan-00,00-Jan-00,165,5.6,84,0.94,,,,00-Jan-00,77,00-Jan-00,GS,AA_or_HB,,,,,1,,1,TP,0.217,23-Feb-19
2019UP,BB2C,00-Jan-00,00-Jan-00,144,4.4,77,0.96,,,,00-Jan-00,88,00-Jan-00,GS,AA_or_HB,,,,,,,1,TP,0.217,23-Feb-19
2019UP,BDA2,00-Jan-00,00-Jan-00,127,5.3,81,1.00,,,,00-Jan-00,82,00-Jan-00,GS,AA_or_HB,8.5,11.22,10.1,11.65,,,1,TP,0.217,23-Feb-19
2019UP,C62A,00-Jan-00,00-Jan-00,188,5.7,84,0.96,,,,00-Jan-00,70,00-Jan-00,GS,AA_or_HB,,,,,,,1,TP,0.217,23-Feb-19
2019UP,C52B,00-Jan-00,00-Jan-00,111,4.9,80,0.96,,,,00-Jan-00,86,00-Jan-00,GS,AA_or_HB,8.4,11.22,8.9,11.85,1,,1,TP,0.217,23-Feb-19
2019UP_TE,BAF4,00-Jan-00,00-Jan-00,143,5.4,82,0.98,,fair,,00-Jan-00,90,00-Jan-00,GS,AA_or_HB,,,,,1,,1,TP,0.217,23-Feb-19
2019UP,BA62,00-Jan-00,00-Jan-00,137,4.5,78,0.95,,,,00-Jan-00,80,00-Jan-00,GS,AA_or_HB,,,,,,,1,TP,0.217,23-Feb-19
2019UP,C6B4,00-Jan-00,00-Jan-00,129,4.7,82,0.85,,,,00-Jan-00,76,00-Jan-00,GS,AA_or_HB,,,,,1,,1,TP,0.217,23-Feb-19
2019UP,C8D4,00-Jan-00,00-Jan-00,150,5.4,82,0.98,,,,00-Jan-00,81,00-Jan-00,GS,AA_or_HB,,,,,1,short left operculum,1,TP,0.217,23-Feb-19
2019UP,C54D,00-Jan-00,00-Jan-00,129,5,80,0.98,,,,00-Jan-00,69,00-Jan-00,GS,AA_or_HB,,,,,1,,1,TP,0.217,23-Feb-19
2019UP,BD14,00-Jan-00,00-Jan-00,161,5.2,80,1.02,,,,00-Jan-00,77,00-Jan-00,GS,AA_or_HB,,,,,1,,1,TP,0.217,23-Feb-19
2019UP,BD5B,00-Jan-00,00-Jan-00,159,4.6,78,0.97,,,,00-Jan-00,71,00-Jan-00,GS,AA_or_HB,,,,,2,,1,TP,0.217,23-Feb-19
2019UP,C512,00-Jan-00,00-Jan-00,130,4.7,77,1.03,,,,00-Jan-00,114,00-Jan-00,GS,AA_or_HB,,,,,,,1,TP,0.217,23-Feb-19
2019UP,BACB,00-Jan-00,00-Jan-00,84,5,80,0.98,,,,00-Jan-00,80,00-Jan-00,GS,AA_or_HB,,,,,,,1,TP,0.217,23-Feb-19
2019UP,BD2A,00-Jan-00,00-Jan-00,120,4.7,78,0.99,,,,00-Jan-00,68,00-Jan-00,GS,AA_or_HB,,,,,1,,1,TP,0.217,23-Feb-19
2019UP,C652,00-Jan-00,00-Jan-00,108,5.9,85,0.96,fair,,,00-Jan-00,87,00-Jan-00,GS,AA_or_HB,,,,,1,,1,TP,0.217,23-Feb-19
2019DS,BEEA,00-Jan-00,00-Jan-00,123,5.2,81,0.98,,,,00-Jan-00,127,00-Jan-00,MT,HB,9.2,10.99,9,11.33,1,,1,TA,0.217,27-Feb-19
2019DS,BA5C,00-Jan-00,00-Jan-00,115,4.3,75,1.02,,,,00-Jan-00,115,00-Jan-00,MT,HB,,,,,,,1,TA,0.217,27-Feb-19
2019DS,C7AA,00-Jan-00,00-Jan-00,151,4.9,80,0.96,,,,00-Jan-00,135,00-Jan-00,MT,HB,,,,,,,1,TA,0.217,27-Feb-19
2019DS,BD26,00-Jan-00,00-Jan-00,172,5.8,80,1.13,,,,00-Jan-00,119,00-Jan-00,MT,HB,,,,,,,1,TA,0.217,27-Feb-19
2019DS,C55B,00-Jan-00,00-Jan-00,108,4.8,79,0.97,,,,00-Jan-00,133,00-Jan-00,MT,HB,,,,,,,1,TA,0.217,27-Feb-19
2019DS,C50A,00-Jan-00,00-Jan-00,197,5,79,1.01,,,,00-Jan-00,104,00-Jan-00,MT,HB,,,,,1,,1,TA,0.217,27-Feb-19
2019DS,BD4D,00-Jan-00,00-Jan-00,148,5,79,1.01,,,,00-Jan-00,109,00-Jan-00,MT,HB,,,,,,,1,TA,0.217,27-Feb-19
2019DS,BAD9,00-Jan-00,00-Jan-00,241,5.7,84,0.96,,,,00-Jan-00,104,00-Jan-00,MT,HB,,,,,,,1,TA,0.217,27-Feb-19
2019DS,BD22,00-Jan-00,00-Jan-00,206,4.8,80,0.94,,,,00-Jan-00,114,00-Jan-00,MT,HB,,,,,,,1,TA,0.217,27-Feb-19
2019DS,BD5E,00-Jan-00,00-Jan-00,168,4.6,77,1.01,,,,00-Jan-00,166,00-Jan-00,MT,HB,,,,,,,1,TA,0.217,27-Feb-19
2019DS,C5A9,00-Jan-00,00-Jan-00,222,5.5,82,1.00,,,,00-Jan-00,101,00-Jan-00,MT,HB,,,,,,,1,TA,0.217,27-Feb-19
2019DS,BF2A,00-Jan-00,00-Jan-00,151,5,80,0.98,,,,00-Jan-00,92,00-Jan-00,MT,HB,,,,,,,1,TA,0.217,27-Feb-19
2019DS,C52E,00-Jan-00,00-Jan-00,147,5.7,83,1.00,,,,00-Jan-00,106,00-Jan-00,MT,HB,,,,,,,1,TA,0.217,27-Feb-19
2019DS,BBEA,00-Jan-00,00-Jan-00,208,5.1,80,1.00,,,,00-Jan-00,99,00-Jan-00,MT,HB,,,,,,,1,TA,0.217,27-Feb-19
2019DS_TE,BCCA,00-Jan-00,00-Jan-00,220,4.8,79,0.97,,,,00-Jan-00,110,00-Jan-00,MT,HB,,,,,,,1,TA,0.217,27-Feb-19
2019DS,BEA4,00-Jan-00,00-Jan-00,153,5.1,81,0.96,,,,00-Jan-00,163,00-Jan-00,MT,HB,,,,,,,1,TA,0.217,27-Feb-19
2019DS,BAEC,00-Jan-00,00-Jan-00,251,4.9,80,0.96,,,,00-Jan-00,105,00-Jan-00,MT,HB,,,,,,,1,TA,0.217,27-Feb-19
2019DS,C2DA,00-Jan-00,00-Jan-00,184,4.9,79,0.99,,,,00-Jan-00,133,00-Jan-00,MT,HB,8.7,11.08,11.2,11.14,,,1,TA,0.217,27-Feb-19
2019DS,BD6D,00-Jan-00,00-Jan-00,196,4.4,78,0.93,,,,00-Jan-00,105,00-Jan-00,MT,HB,,,,,,,1,TA,0.217,27-Feb-19
2019DS,C252,00-Jan-00,00-Jan-00,143,4.6,79,0.93,,,,00-Jan-00,130,00-Jan-00,MT,HB,8.8,11.08,9.1,11.41,1,,1,TA,0.217,27-Feb-19
2019DS,BA8E,00-Jan-00,00-Jan-00,207,4.7,77,1.03,,,,00-Jan-00,112,00-Jan-00,MT,HB,,,,,,,1,TA,0.217,27-Feb-19
2019DS,C26A,00-Jan-00,00-Jan-00,192,4.7,78,0.99,,,,00-Jan-00,114,00-Jan-00,MT,HB,,,,,,,1,TA,0.217,27-Feb-19
2019DS,BBBA,00-Jan-00,00-Jan-00,185,4.4,76,1.00,,,,00-Jan-00,98,00-Jan-00,MT,HB,,,,,,,1,TA,0.217,27-Feb-19
2019DS,BA82,00-Jan-00,00-Jan-00,205,4.8,79,0.97,,,,00-Jan-00,104,00-Jan-00,MT,HB,,,,,,,1,TA,0.217,27-Feb-19
2019DS,C4A6,00-Jan-00,00-Jan-00,251,5.5,83,0.96,,,,00-Jan-00,116,00-Jan-00,MT,HB,,,,,,,1,TA,0.217,27-Feb-19
2019DS,C5B2,00-Jan-00,00-Jan-00,134,5.6,82,1.02,,,,00-Jan-00,92,00-Jan-00,MT,HB,,,,,,,1,TA,0.217,27-Feb-19
2019DS,BB66,00-Jan-00,00-Jan-00,154,5.3,81,1.00,,,,00-Jan-00,142,00-Jan-00,MT,HB,,,,,1,,1,TA,0.217,27-Feb-19
2019DS,BB7A,00-Jan-00,00-Jan-00,245,5,79,1.01,,,,00-Jan-00,144,00-Jan-00,MT,HB,,,,,,,1,TA,0.217,27-Feb-19
2019DS,BAD1,00-Jan-00,00-Jan-00,180,4.4,77,0.96,,,,00-Jan-00,114,00-Jan-00,MT,HB,,,,,,,1,TA,0.217,27-Feb-19
2019DS_TE,C8AA,00-Jan-00,00-Jan-00,182,4.9,79,0.99,,,,00-Jan-00,99,00-Jan-00,MT,HB,,,,,,,1,TA,0.217,27-Feb-19
2019DS,C4B2,00-Jan-00,00-Jan-00,191,4.8,79,0.97,,,,00-Jan-00,115,00-Jan-00,MT,HB,,,,,,,1,TA,0.217,27-Feb-19
2019DS,BB8A,00-Jan-00,00-Jan-00,249,4.8,79,0.97,,,,00-Jan-00,111,00-Jan-00,MT,HB,,,,,,,1,TA,0.217,27-Feb-19
2019DS,BC6A,00-Jan-00,00-Jan-00,240,5.2,83,0.91,,,,00-Jan-00,91,00-Jan-00,MT,HB,,,,,,,1,TA,0.217,27-Feb-19
2019DS,BC5A,00-Jan-00,00-Jan-00,179,7.1,91,0.94,,,,00-Jan-00,91,00-Jan-00,MT,HB,,,,,1,,1,TA,0.217,27-Feb-19
2019DS,BB6C,00-Jan-00,00-Jan-00,140,5.5,82,1.00,,,,00-Jan-00,94,00-Jan-00,MT,HB,,,,,,,1,TA,0.217,27-Feb-19
2019DS,C545,00-Jan-00,00-Jan-00,291,4.7,79,0.95,,,,00-Jan-00,117,00-Jan-00,MT,HB,,,,,,,1,TA,0.217,27-Feb-19
2019DS,C4D2,00-Jan-00,00-Jan-00,219,6.6,85,1.07,,,,00-Jan-00,150,00-Jan-00,MT,HB,,,,,1,,1,TA,0.217,27-Feb-19
2019DS,C4AA,00-Jan-00,00-Jan-00,230,6.7,87,1.02,,,,00-Jan-00,73,00-Jan-00,MT,HB,,,,,,,1,TA,0.217,27-Feb-19
2019DS,C2D2,00-Jan-00,00-Jan-00,159,4.5,76,1.03,,,,00-Jan-00,124,00-Jan-00,MT,HB,,,,,,,1,TA,0.217,27-Feb-19
2019DS,BEB2,00-Jan-00,00-Jan-00,223,4.5,77,0.99,,,,00-Jan-00,92,00-Jan-00,MT,HB,,,,,,,1,TA,0.217,27-Feb-19
2019DS,C4D5,00-Jan-00,00-Jan-00,166,4.5,77,0.99,,,,00-Jan-00,124,00-Jan-00,MT,HB,,,,,,,1,TA,0.217,27-Feb-19
2019DS,C55C,00-Jan-00,00-Jan-00,200,6,84,1.01,,,,00-Jan-00,75,00-Jan-00,MT,HB,,,,,,,1,TA,0.217,27-Feb-19
2019DS,BABC,00-Jan-00,00-Jan-00,185,5.1,78,1.07,,,,00-Jan-00,119,00-Jan-00,MT,HB,,,,,,,1,TA,0.217,27-Feb-19
2019DS,C54C,00-Jan-00,00-Jan-00,247,5.5,84,0.93,,,,00-Jan-00,95,00-Jan-00,MT,HB,,,,,,,1,TA,0.217,27-Feb-19
2019DS_TE,BA5E,00-Jan-00,00-Jan-00,146,5.4,83,0.94,,,,00-Jan-00,108,00-Jan-00,MT,HB,8.7,11.15,12,11.06,,,1,TA,0.217,27-Feb-19
2019DS,BA75,00-Jan-00,00-Jan-00,171,4.5,78,0.95,,,,00-Jan-00,77,00-Jan-00,MT,HB,9.4,10.91,9.1,11.35,,,1,TA,0.217,27-Feb-19
2019DS,BB6E,00-Jan-00,00-Jan-00,182,5.6,84,0.94,,,,00-Jan-00,82,00-Jan-00,MT,HB,,,,,,,1,TA,0.217,27-Feb-19
2019DS,C6D5,00-Jan-00,00-Jan-00,171,5.2,82,0.94,,,,00-Jan-00,90,00-Jan-00,MT,HB,,,,,,,1,TA,0.217,27-Feb-19
2019DS,C755,00-Jan-00,00-Jan-00,196,5.8,83,1.01,,,,00-Jan-00,95,00-Jan-00,MT,HB,,,,,,,1,TA,0.217,27-Feb-19
2019DS,C2D6,00-Jan-00,00-Jan-00,116,6.5,82,1.18,,,,00-Jan-00,82,00-Jan-00,MT,HB,,,,,,,1,TA,0.217,27-Feb-19
2019DS,BC52,00-Jan-00,00-Jan-00,224,4.7,77,1.03,,,,00-Jan-00,103,00-Jan-00,MT,HB,,,,,,,1,TA,0.217,27-Feb-19
2019DS,BB65,00-Jan-00,00-Jan-00,157,4.3,77,0.94,,,,00-Jan-00,96,00-Jan-00,MT,HB,,,,,,,1,TA,0.217,27-Feb-19
2019DS,BA9C,00-Jan-00,00-Jan-00,104,6.7,88,0.98,,,,00-Jan-00,108,00-Jan-00,MT,HB,,,,,,,1,TA,0.217,27-Feb-19
2019DS,C16A,00-Jan-00,00-Jan-00,275,5.2,81,0.98,,,,00-Jan-00,90,00-Jan-00,MT,HB,,,,,,,1,TA,0.217,27-Feb-19
2019DS,C5EA,00-Jan-00,00-Jan-00,195,5.2,82,0.94,,,,00-Jan-00,114,00-Jan-00,MT,HB,,,,,,,1,TA,0.217,27-Feb-19
2019DS,C654,00-Jan-00,00-Jan-00,214,5.6,82,1.02,,,,00-Jan-00,108,00-Jan-00,MT,HB,,,,,,,1,TA,0.217,27-Feb-19
2019DS,BAF6,00-Jan-00,00-Jan-00,197,4.7,79,0.95,,,,00-Jan-00,131,00-Jan-00,MT,HB,,,,,,,1,TA,0.217,27-Feb-19
2019DS,C4A9,00-Jan-00,00-Jan-00,224,4.3,75,1.02,,,,00-Jan-00,178,00-Jan-00,MT,HB,,,,,,,1,TA,0.217,27-Feb-19
2019DS,BACD,00-Jan-00,00-Jan-00,257,5.2,79,1.05,,,,00-Jan-00,84,00-Jan-00,MT,HB,,,,,,,1,TA,0.217,27-Feb-19
2019DS_TE,BB5E,00-Jan-00,00-Jan-00,144,5,79,1.01,,,,00-Jan-00,74,00-Jan-00,MT,HB,,,,,,,1,TA,0.217,27-Feb-19
2019DS,BEA8,00-Jan-00,00-Jan-00,182,4.7,80,0.92,,,,00-Jan-00,91,00-Jan-00,MT,HB,,,,,,,1,TA,0.217,27-Feb-19
2019DS,BEAC,00-Jan-00,00-Jan-00,207,4.6,78,0.97,,,,00-Jan-00,115,00-Jan-00,MT,HB,,,,,,,1,TA,0.217,27-Feb-19
2019DS,BD2E,00-Jan-00,00-Jan-00,179,4.6,78,0.97,,,,00-Jan-00,129,00-Jan-00,MT,HB,,,,,,,1,TA,0.217,27-Feb-19
2019DS,CAC6,00-Jan-00,00-Jan-00,130,6.4,88,0.94,,,,00-Jan-00,161,00-Jan-00,MT,HB,,,,,,,1,TA,0.217,28-Feb-19
2019DS,CAC9,00-Jan-00,00-Jan-00,203,4.7,81,0.88,,,,00-Jan-00,93,00-Jan-00,MT,HB,8.7,11.4,9.5,11.25,,,1,TA,0.217,28-Feb-19
2019DS,CACD,00-Jan-00,00-Jan-00,194,5,77,1.10,,,,00-Jan-00,104,00-Jan-00,MT,HB,,,,,,,1,TA,0.217,28-Feb-19
2019DS,CA57,00-Jan-00,00-Jan-00,207,5.2,81,0.98,,,,00-Jan-00,108,00-Jan-00,MT,HB,,,,,,,1,TA,0.217,28-Feb-19
2019DS,CA12,00-Jan-00,00-Jan-00,98,4.6,77,1.01,,,,00-Jan-00,102,00-Jan-00,MT,HB,,,,,,,1,TA,0.217,28-Feb-19
2019DS,CAEC,00-Jan-00,00-Jan-00,212,5.4,83,0.94,,,,00-Jan-00,54,00-Jan-00,MT,HB,,,,,,,1,TA,0.217,28-Feb-19
2019DS,C974,00-Jan-00,00-Jan-00,189,6.2,85,1.01,,,,00-Jan-00,102,00-Jan-00,MT,HB,,,,,,IDEAL WEIGHT/LENGTH FOR TAG,1,TA,0.217,28-Feb-19
2019DS,CA35,00-Jan-00,00-Jan-00,176,5,80,0.98,,,,00-Jan-00,111,00-Jan-00,MT,HB,,,,,,,1,TA,0.217,28-Feb-19
2019DS,C96B,00-Jan-00,00-Jan-00,179,5.3,82,0.96,,,,00-Jan-00,94,00-Jan-00,MT,HB,,,,,,,1,TA,0.217,28-Feb-19
2019DS,CAC4,00-Jan-00,00-Jan-00,170,4.8,77,1.05,,,,00-Jan-00,100,00-Jan-00,MT,HB,,,,,,,1,TA,0.217,28-Feb-19
2019DS,C914,00-Jan-00,00-Jan-00,206,7,90,0.96,,,,00-Jan-00,102,00-Jan-00,MT,HB,,,,,,,1,TA,0.217,28-Feb-19
2019DS_TE,C964,00-Jan-00,00-Jan-00,215,5.3,83,0.93,,,,00-Jan-00,99,00-Jan-00,MT,HB,,,,,,,1,TA,0.217,28-Feb-19
2019DS,C975,00-Jan-00,00-Jan-00,166,5.6,84,0.94,,,,00-Jan-00,82,00-Jan-00,MT,HB,,,,,,,1,TA,0.217,28-Feb-19
2019DS,CBA5,00-Jan-00,00-Jan-00,192,4.9,81,0.92,,,,00-Jan-00,120,00-Jan-00,MT,HB,,,,,,,1,TA,0.217,28-Feb-19
2019DS,CAAF,00-Jan-00,00-Jan-00,227,4.5,76,1.03,,,,00-Jan-00,112,00-Jan-00,MT,HB,,,,,,,1,TA,0.217,28-Feb-19
2019DS,CB2B,00-Jan-00,00-Jan-00,222,5.2,80,1.02,,,,00-Jan-00,108,00-Jan-00,MT,HB,,,,,,,1,TA,0.217,28-Feb-19
2019DS,CA58,00-Jan-00,00-Jan-00,209,5.2,81,0.98,,,,00-Jan-00,94,00-Jan-00,MT,HB,,,,,,,1,TA,0.217,28-Feb-19
2019DS,C95E,00-Jan-00,00-Jan-00,198,5.2,81,0.98,,,,00-Jan-00,95,00-Jan-00,MT,HB,,,,,,,1,TA,0.217,28-Feb-19
2019DS,CB14,00-Jan-00,00-Jan-00,190,5.1,80,1.00,,,,00-Jan-00,85,00-Jan-00,MT,HB,,,,,,,1,TA,0.217,28-Feb-19
2019DS,CB36,00-Jan-00,00-Jan-00,174,5.1,79,1.03,,,,00-Jan-00,91,00-Jan-00,MT,HB,,,,,,,1,TA,0.217,28-Feb-19
2019DS,C9D4,00-Jan-00,00-Jan-00,134,4.8,79,0.97,,,,00-Jan-00,95,00-Jan-00,MT,HB,,,,,,,1,TA,0.217,28-Feb-19
2019DS,CAD1,00-Jan-00,00-Jan-00,131,4.3,78,0.91,,,,00-Jan-00,124,00-Jan-00,MT,HB,,,,,,,1,TA,0.217,28-Feb-19
2019DS,CA90,00-Jan-00,00-Jan-00,229,5.2,81,0.98,,,,00-Jan-00,90,00-Jan-00,MT,HB,,,,,,,1,TA,0.217,28-Feb-19
2019DS,CA44,00-Jan-00,00-Jan-00,176,5.8,83,1.01,,,,00-Jan-00,92,00-Jan-00,MT,HB,,,,,,,1,TA,0.217,28-Feb-19
2019DS,CB4B,00-Jan-00,00-Jan-00,159,4.5,78,0.95,,,,00-Jan-00,96,00-Jan-00,MT,HB,,,,,,,1,TA,0.217,28-Feb-19
2019DS,C957,00-Jan-00,00-Jan-00,154,5.3,81,1.00,,,,00-Jan-00,88,00-Jan-00,MT,HB,,,,,,,1,TA,0.217,28-Feb-19
2019DS_TE,CB72,00-Jan-00,00-Jan-00,169,5.8,85,0.94,,,,00-Jan-00,90,00-Jan-00,MT,HB,,,,,1,,1,TA,0.217,28-Feb-19
2019DS,C9D6,00-Jan-00,00-Jan-00,217,6.2,86,0.97,,,,00-Jan-00,101,00-Jan-00,MT,HB,,,,,,,1,TA,0.217,28-Feb-19
2019DS,C922,00-Jan-00,00-Jan-00,197,5.7,85,0.93,,,,00-Jan-00,106,00-Jan-00,MT,HB,,,,,,,1,TA,0.217,28-Feb-19
2019DS,CA2D,00-Jan-00,00-Jan-00,209,5.3,83,0.93,,,,00-Jan-00,97,00-Jan-00,MT,HB,,,,,,,1,TA,0.217,28-Feb-19
2019DS,C9AC,00-Jan-00,00-Jan-00,187,4.5,75,1.07,,,,00-Jan-00,99,00-Jan-00,MT,HB,,,,,,,1,TA,0.217,28-Feb-19
2019DS,CB76,00-Jan-00,00-Jan-00,238,5.7,81,1.07,,,,00-Jan-00,94,00-Jan-00,MT,HB,,,,,,,1,TA,0.217,28-Feb-19
2019DS,CB66,00-Jan-00,00-Jan-00,244,6.1,82,1.11,,,,00-Jan-00,117,00-Jan-00,MT,HB,,,,,,,1,TA,0.217,28-Feb-19
2019DS,C95D,00-Jan-00,00-Jan-00,147,4.6,79,0.93,,,,00-Jan-00,86,00-Jan-00,MT,HB,8.8,11.25,11.7,11.12,,,1,TA,0.217,28-Feb-19
2019DS,CA8E,00-Jan-00,00-Jan-00,99,4.7,73,1.21,,,,00-Jan-00,272,00-Jan-00,MT,HB,8.9,11.23,9,11.3,,,1,TA,0.217,28-Feb-19
2019DS,C91A,00-Jan-00,00-Jan-00,129,7.4,91,0.98,,,,00-Jan-00,97,00-Jan-00,MT,HB,,,,,,,1,TA,0.217,28-Feb-19
2019DS,CB51,00-Jan-00,00-Jan-00,156,5.6,84,0.94,,,,00-Jan-00,79,00-Jan-00,MT,HB,,,,,1,,1,TA,0.217,28-Feb-19
2019DS,CA4B,00-Jan-00,00-Jan-00,153,5,80,0.98,,,,00-Jan-00,98,00-Jan-00,MT,HB,,,,,1,,1,TA,0.217,28-Feb-19
2019DS,CA51,00-Jan-00,00-Jan-00,157,5.1,81,0.96,,,,00-Jan-00,86,00-Jan-00,MT,HB,,,,,,,1,TA,0.217,28-Feb-19
2019DS,CB5C,00-Jan-00,00-Jan-00,106,6.5,89,0.92,,,,00-Jan-00,112,00-Jan-00,MT,HB,,,,,,,1,TA,0.217,28-Feb-19
2019DS,CA72,00-Jan-00,00-Jan-00,93,4.5,77,0.99,,,,00-Jan-00,102,00-Jan-00,MT,HB,,,,,,,1,TA,0.217,28-Feb-19
2019DS,CA42,00-Jan-00,00-Jan-00,183,4.8,77,1.05,,,,00-Jan-00,106,00-Jan-00,MT,HB,,,,,,,1,TA,0.217,28-Feb-19
2019DS_TE,CA2B,00-Jan-00,00-Jan-00,126,5.1,80,1.00,,,,00-Jan-00,137,00-Jan-00,MT,HB,,,,,,,1,TA,0.217,28-Feb-19
2019DS,CB6E,00-Jan-00,00-Jan-00,234,5.2,82,0.94,,,,00-Jan-00,96,00-Jan-00,MT,HB,,,,,,,1,TA,0.217,28-Feb-19
2019DS,C9A5,00-Jan-00,00-Jan-00,181,4.5,77,0.99,,,,00-Jan-00,109,00-Jan-00,MT,HB,,,,,,,1,TA,0.217,28-Feb-19
2019DS,C9AB,00-Jan-00,00-Jan-00,99,5.3,83,0.93,,,,00-Jan-00,139,00-Jan-00,MT,HB,,,,,,,1,TA,0.217,28-Feb-19
2019DS,CA32,00-Jan-00,00-Jan-00,76,4.9,79,0.99,,,,00-Jan-00,123,00-Jan-00,MT,HB,,,,,,,1,TA,0.217,28-Feb-19
2019DS,CAF4,00-Jan-00,00-Jan-00,195,5.2,81,0.98,,,,00-Jan-00,103,00-Jan-00,MT,HB,,,,,,,1,TA,0.217,28-Feb-19
2019DS,CB64,00-Jan-00,00-Jan-00,147,5.4,81,1.02,,,,00-Jan-00,149,00-Jan-00,MT,HB,,,,,,,1,TA,0.217,28-Feb-19
2019DS,C94E,00-Jan-00,00-Jan-00,234,5.3,84,0.89,,,,00-Jan-00,85,00-Jan-00,MT,HB,8.7,11.12,10.4,11.11,,,1,TA,0.217,28-Feb-19
2019DS,CB48,00-Jan-00,00-Jan-00,220,4.7,80,0.92,,,,00-Jan-00,117,00-Jan-00,MT,HB,,,,,,,1,TA,0.217,28-Feb-19
2019DS,CB62,00-Jan-00,00-Jan-00,123,5.1,80,1.00,,,,00-Jan-00,82,00-Jan-00,MT,HB,8.6,11.32,8.9,11.5,,,1,TA,0.217,28-Feb-19
2019DS,CA62,00-Jan-00,00-Jan-00,113,4.6,76,1.05,,,,00-Jan-00,105,00-Jan-00,MT,HB,,,,,,,1,TA,0.217,28-Feb-19
2019DS,CB2E,00-Jan-00,00-Jan-00,97,5,81,0.94,,,,00-Jan-00,82,00-Jan-00,MT,HB,,,,,,,1,TA,0.217,28-Feb-19
2019DS,CB45,00-Jan-00,00-Jan-00,163,5.3,81,1.00,,,,00-Jan-00,99,00-Jan-00,MT,HB,,,,,,,1,TA,0.217,28-Feb-19
2019DS,CAEB,00-Jan-00,00-Jan-00,173,4.6,80,0.90,,,,00-Jan-00,101,00-Jan-00,MT,HB,,,,,,,1,TA,0.217,28-Feb-19
2019DS,CAE8,00-Jan-00,00-Jan-00,195,4.6,79,0.93,,,,00-Jan-00,105,00-Jan-00,MT,HB,,,,,,,1,TA,0.217,28-Feb-19
2019DS_TE,CB75,00-Jan-00,00-Jan-00,173,4.6,79,0.93,,,,00-Jan-00,92,00-Jan-00,MT,HB,,,,,,,1,TA,0.217,28-Feb-19
2019DS,CB24,00-Jan-00,00-Jan-00,179,5.4,82,0.98,,,,00-Jan-00,127,00-Jan-00,MT,HB,,,,,,,1,TA,0.217,28-Feb-19
2019DS,CA3A,00-Jan-00,00-Jan-00,217,5.3,85,0.86,,,,00-Jan-00,97,00-Jan-00,MT,HB,,,,,,,1,TA,0.217,28-Feb-19
2019DS,CB3A,00-Jan-00,00-Jan-00,185,5.3,83,0.93,,,,00-Jan-00,126,00-Jan-00,MT,HB,,,,,,,1,TA,0.217,28-Feb-19
2019DS,C942,00-Jan-00,00-Jan-00,151,5.2,81,0.98,,,,00-Jan-00,77,00-Jan-00,MT,HB,,,,,,FISH WAS DROPPED,1,TA,0.217,28-Feb-19
2019DS,C936,00-Jan-00,00-Jan-00,173,7.3,91,0.97,,,,00-Jan-00,80,00-Jan-00,MT,HB,,,,,,,1,TA,0.217,28-Feb-19
2019DS,C976,00-Jan-00,00-Jan-00,91,5.6,83,0.98,,,,00-Jan-00,85,00-Jan-00,MT,MP,,,,,,,1,TA,0.217,28-Feb-19
2019DS,CB28,00-Jan-00,00-Jan-00,182,4.7,78,0.99,,,,00-Jan-00,95,00-Jan-00,MT,MP,,,,,,,1,TA,0.217,28-Feb-19
2019DS,CBA4,00-Jan-00,00-Jan-00,142,4.7,79,0.95,,,,00-Jan-00,88,00-Jan-00,MT,MP,,,,,,,1,TA,0.217,28-Feb-19
2019DS,CA9D,00-Jan-00,00-Jan-00,161,5,80,0.98,,,,00-Jan-00,87,00-Jan-00,MT,MP,,,,,,,1,TA,0.217,28-Feb-19
2019DS,CA99,00-Jan-00,00-Jan-00,116,5.4,81,1.02,,,,00-Jan-00,67,00-Jan-00,MT,MP,,,,,,,1,TA,0.217,28-Feb-19
2019DS,CBAB,00-Jan-00,00-Jan-00,128,4.7,79,0.95,,,,00-Jan-00,98,00-Jan-00,MT,HB,,,,,,,1,TA,0.217,28-Feb-19
2019DS,CA86,00-Jan-00,00-Jan-00,271,4.6,78,0.97,,,,00-Jan-00,109,00-Jan-00,MT,HB,8.8,11.3,,,,,1,TA,0.217,28-Feb-19
2019DS,CAE6,00-Jan-00,00-Jan-00,178,4.6,77,1.01,,,,00-Jan-00,86,00-Jan-00,MT,HB,,,,,,,1,TA,0.217,28-Feb-19
2019DS,CACC,00-Jan-00,00-Jan-00,138,5.2,81,0.98,,,,00-Jan-00,85,00-Jan-00,MT,HB,,,,,,,1,TA,0.217,28-Feb-19
2019DS_TE,CAA0,00-Jan-00,00-Jan-00,212,5.5,83,0.96,,,,00-Jan-00,118,00-Jan-00,MT,HB,,,,,,,1,TA,0.217,28-Feb-19
2019DS,C96A,00-Jan-00,00-Jan-00,141,4.6,78,0.97,,,,00-Jan-00,75,00-Jan-00,MT,HB,,,,,,,1,TA,0.217,28-Feb-19
2019DS,CA16,00-Jan-00,00-Jan-00,130,6.6,84,1.11,,,,00-Jan-00,87,00-Jan-00,MT,HB,,,,,,,1,TA,0.217,28-Feb-19
2019DS,CB5E,00-Jan-00,00-Jan-00,137,5.6,84,0.94,,,,00-Jan-00,88,00-Jan-00,MT,HB,,,,,,,1,TA,0.217,28-Feb-19
2019DS,CA6C,00-Jan-00,00-Jan-00,129,5.4,83,0.94,,,,00-Jan-00,88,00-Jan-00,MT,HB,,,,,,,1,TA,0.217,28-Feb-19
2019DS,CB6D,00-Jan-00,00-Jan-00,138,5.9,84,1.00,,,,00-Jan-00,84,00-Jan-00,MT,HB,,,,,,Mike's Fantasy Fish,1,TA,0.217,28-Feb-19
2019DS,CAAE,00-Jan-00,00-Jan-00,167,5.2,81,0.98,,,,00-Jan-00,116,00-Jan-00,MT,HB,,,,,,,1,TA,0.217,28-Feb-19
2019DS,CA1A,00-Jan-00,00-Jan-00,249,4.8,79,0.97,,,,00-Jan-00,91,00-Jan-00,MT,HB,,,,,,,1,TA,0.217,28-Feb-19
2019DS,C9AD,00-Jan-00,00-Jan-00,244,4.6,79,0.93,,,,00-Jan-00,91,00-Jan-00,MT,HB,,,,,,,1,TA,0.217,28-Feb-19
2019DS,CAF2,00-Jan-00,00-Jan-00,160,4.8,79,0.97,,,,00-Jan-00,126,00-Jan-00,MT,HB,,,,,,,1,TA,0.217,28-Feb-19
2019DS,C9CA,00-Jan-00,00-Jan-00,198,5.3,80,1.04,,,,00-Jan-00,106,00-Jan-00,MT,HB,,,,,,,1,TA,0.217,28-Feb-19
2019DS,C968,00-Jan-00,00-Jan-00,91,4.8,80,0.94,,,,00-Jan-00,110,00-Jan-00,MT,HB,,,,,,,1,TA,0.217,01-Mar-19
2019DS,CA91,00-Jan-00,00-Jan-00,147,6.8,90,0.93,,,,00-Jan-00,82,00-Jan-00,MT,HB,,,,,,GOOD SIZE FOR TAG,1,TA,0.217,01-Mar-19
2019DS,CA76,00-Jan-00,00-Jan-00,104,4.6,78,0.97,,,,00-Jan-00,79,00-Jan-00,MT,HB,,,,,,,1,TA,0.217,01-Mar-19
2019DS,C945,00-Jan-00,00-Jan-00,155,4.8,80,0.94,,,,00-Jan-00,83,00-Jan-00,MT,HB,,,,,,,1,TA,0.217,01-Mar-19
2019DS_TE,CAE4,00-Jan-00,00-Jan-00,158,5.4,82,0.98,,,,00-Jan-00,77,00-Jan-00,MT,HB,,,,,,Lower lim on optimal size,1,TA,0.217,01-Mar-19
2019DS,CA75,00-Jan-00,00-Jan-00,133,5.2,81,0.98,,,,00-Jan-00,96,00-Jan-00,MT,HB,,,,,1,,1,TA,0.217,01-Mar-19
2019DS,CADC,00-Jan-00,00-Jan-00,131,5.1,79,1.03,,,,00-Jan-00,102,00-Jan-00,MT,HB,,,,,,,1,TA,0.217,01-Mar-19
2019DS,CAED,00-Jan-00,00-Jan-00,176,6,82,1.09,,,,00-Jan-00,64,00-Jan-00,MT,HB,,,,,1,,1,TA,0.217,01-Mar-19
2019DS,C9AE,00-Jan-00,00-Jan-00,153,5.6,84,0.94,,,,00-Jan-00,79,00-Jan-00,MT,HB,8.5,11.12,9.3,11.43,,,1,TA,0.217,01-Mar-19
2019DS,C99A,00-Jan-00,00-Jan-00,121,6.3,85,1.03,,,,00-Jan-00,99,00-Jan-00,MT,HB,,,,,,,1,TA,0.217,01-Mar-19
2019DS,CB16,00-Jan-00,00-Jan-00,218,4.8,82,0.87,,,,00-Jan-00,79,00-Jan-00,MT,HB,,,,,,OPTIMAL SIZE,1,TA,0.217,01-Mar-19
2019DS,C9B4,00-Jan-00,00-Jan-00,77,6.1,86,0.96,,,,00-Jan-00,81,00-Jan-00,MT,HB,,,,,,,1,TA,0.217,01-Mar-19
2019DS,C925,00-Jan-00,00-Jan-00,151,4.5,78,0.95,,,,00-Jan-00,101,00-Jan-00,MT,HB,,,,,,,1,TA,0.217,01-Mar-19
2019DS,CA24,00-Jan-00,00-Jan-00,151,4.5,77,0.99,,,,00-Jan-00,93,00-Jan-00,MT,HB,,,,,,,1,TA,0.217,01-Mar-19
2019DS,CA45,00-Jan-00,00-Jan-00,102,6.8,88,1.00,,,,00-Jan-00,91,00-Jan-00,MT,HB,,,,,,,1,TA,0.217,01-Mar-19
2019DS,CA5D,00-Jan-00,00-Jan-00,177,5.5,82,1.00,,,,00-Jan-00,85,00-Jan-00,MT,HB,,,,,,,1,TA,0.217,01-Mar-19
2019DS,CB6C,00-Jan-00,00-Jan-00,164,5.6,83,0.98,,,,00-Jan-00,101,00-Jan-00,MT,HB,,,,,,,1,TA,0.217,01-Mar-19
2019DS,CA64,00-Jan-00,00-Jan-00,174,5,79,1.01,,,,00-Jan-00,85,00-Jan-00,MT,HB,,,,,,,1,TA,0.217,01-Mar-19
2019DS,CA9C,00-Jan-00,00-Jan-00,145,5.5,83,0.96,,,,00-Jan-00,99,00-Jan-00,MT,HB,,,,,,,1,TA,0.217,01-Mar-19
2019DS_TE,C54B,00-Jan-00,00-Jan-00,201,4.6,79,0.93,,,,00-Jan-00,90,00-Jan-00,MT,HB,,,,,,,1,TA,0.217,01-Mar-19
2019DS,C924,00-Jan-00,00-Jan-00,185,5.3,83,0.93,,,,00-Jan-00,82,00-Jan-00,MT,HB,,,,,,,1,TA,0.217,01-Mar-19
2019DS,CAA3,00-Jan-00,00-Jan-00,151,4.8,78,1.01,,,,00-Jan-00,106,00-Jan-00,MT,HB,,,,,,,1,TA,0.217,01-Mar-19
2019DS,CB46,00-Jan-00,00-Jan-00,182,4.8,80,0.94,,,,00-Jan-00,94,00-Jan-00,MT,HB,,,,,,,1,TA,0.217,01-Mar-19
2019DS,CAC5,00-Jan-00,00-Jan-00,167,4.7,80,0.92,,,,00-Jan-00,92,00-Jan-00,MT,HB,,,,,,,1,TA,0.217,01-Mar-19
2019DS,CB74,00-Jan-00,00-Jan-00,204,5.8,84,0.98,,,,00-Jan-00,77,00-Jan-00,MT,HB,,,,,,,1,TA,0.217,01-Mar-19
2019DS,CA28,00-Jan-00,00-Jan-00,148,4.5,80,0.88,,,,00-Jan-00,97,00-Jan-00,MT,HB,,,,,,,1,TA,0.217,01-Mar-19
2019DS,CA53,00-Jan-00,00-Jan-00,102,5.3,82,0.96,,,,00-Jan-00,106,00-Jan-00,MT,HB,,,,,,,1,TA,0.217,01-Mar-19
2019DS,CACE,00-Jan-00,00-Jan-00,187,5.7,82,1.03,,,,00-Jan-00,90,00-Jan-00,MT,HB,,,,,,,1,TA,0.217,01-Mar-19
2019DS,C92B,00-Jan-00,00-Jan-00,162,5.3,84,0.89,,,,00-Jan-00,79,00-Jan-00,MT,HB,,,,,,,1,TA,0.217,01-Mar-19
2019DS,C9A2,00-Jan-00,00-Jan-00,158,4.9,81,0.92,,,,00-Jan-00,54,00-Jan-00,MT,HB,,,,,,,1,TA,0.217,01-Mar-19
2019DS,CA8B,00-Jan-00,00-Jan-00,201,4.9,80,0.96,,,,00-Jan-00,55,00-Jan-00,MT,HB,,,,,,,1,TA,0.217,01-Mar-19
2019DS,CA5B,00-Jan-00,00-Jan-00,163,5.7,83,1.00,,,,00-Jan-00,58,00-Jan-00,MT,HB,,,,,,,1,TA,0.217,01-Mar-19
2019DS,CB2D,00-Jan-00,00-Jan-00,174,5.1,82,0.92,,,,00-Jan-00,69,00-Jan-00,MT,HB,,,,,,,1,TA,0.217,01-Mar-19
2019DS,CA36,00-Jan-00,00-Jan-00,201,4.5,78,0.95,,,,00-Jan-00,74,00-Jan-00,MT,HB,,,,,,,1,TA,0.217,01-Mar-19
2019DS_TE,CB4E,00-Jan-00,00-Jan-00,111,4.8,79,0.97,,,,00-Jan-00,97,00-Jan-00,MT,HB,8.6,11.1,8.5,11.8,,,1,TA,0.217,01-Mar-19
2019DS,CB58,00-Jan-00,00-Jan-00,196,5.1,80,1.00,,,,00-Jan-00,103,00-Jan-00,MT,HB,,,,,,,1,TA,0.217,01-Mar-19
2019DS,CB8A,00-Jan-00,00-Jan-00,137,5.8,84,0.98,,,,00-Jan-00,69,00-Jan-00,MT,HB,,,,,,,1,TA,0.217,01-Mar-19
2019DS,CB12,00-Jan-00,00-Jan-00,146,5,81,0.94,,,,00-Jan-00,97,00-Jan-00,MT,HB,,,,,,,1,TA,0.217,01-Mar-19
2019DS,C9B2,00-Jan-00,00-Jan-00,202,5.8,84,0.98,,,,00-Jan-00,79,00-Jan-00,MT,HB,,,,,,,1,TA,0.217,01-Mar-19
2019DS,CB26,00-Jan-00,00-Jan-00,192,5,80,0.98,,,,00-Jan-00,74,00-Jan-00,MT,HB,,,,,,,1,TA,0.217,01-Mar-19
2019DS,CB94,00-Jan-00,00-Jan-00,149,5.1,79,1.03,,,,00-Jan-00,95,00-Jan-00,MT,HB,,,,,,,1,TA,0.217,01-Mar-19
2019DS,CA8C,00-Jan-00,00-Jan-00,217,5.6,84,0.94,,,,00-Jan-00,110,00-Jan-00,MT,HB,,,,,,,1,TA,0.217,01-Mar-19
2019DS,C92D,00-Jan-00,00-Jan-00,180,5.5,82,1.00,,,,00-Jan-00,77,00-Jan-00,MT,HB,,,,,,,1,TA,0.217,01-Mar-19
2019DS,CA84,00-Jan-00,00-Jan-00,203,4.8,80,0.94,,,,00-Jan-00,95,00-Jan-00,MT,HB,,,,,,,1,TA,0.217,01-Mar-19
2019DS,CA4C,00-Jan-00,00-Jan-00,126,6.4,85,1.04,,,,00-Jan-00,85,00-Jan-00,MT,HB,,,,,,,1,TA,0.217,01-Mar-19
2019DS,C92C,00-Jan-00,00-Jan-00,200,6.4,86,1.01,,,,00-Jan-00,92,00-Jan-00,MT,HB,,,,,,,1,TA,0.217,01-Mar-19
2019DS,CA59,00-Jan-00,00-Jan-00,118,4.5,77,0.99,,,,00-Jan-00,95,00-Jan-00,MT,HB,,,,,,,1,TA,0.217,01-Mar-19
2019DS,CA89,00-Jan-00,00-Jan-00,181,5.3,81,1.00,,,,00-Jan-00,86,00-Jan-00,MT,HB,,,,,,,1,TA,0.217,01-Mar-19
2019DS,CAD8,00-Jan-00,00-Jan-00,231,4.9,80,0.96,,,,00-Jan-00,116,00-Jan-00,MT,HB,,,,,,,1,TA,0.217,01-Mar-19
2019DS_TE,C98A,00-Jan-00,00-Jan-00,164,5.2,81,0.98,,,,00-Jan-00,68,00-Jan-00,MT,HB,,,,,,,1,TA,0.217,01-Mar-19
2019DS,CB29,00-Jan-00,00-Jan-00,196,5.3,83,0.93,,,,00-Jan-00,87,00-Jan-00,MT,HB,,,,,,,1,TA,0.217,01-Mar-19
2019DS,CA4D,00-Jan-00,00-Jan-00,78,5,81,0.94,,,,00-Jan-00,109,00-Jan-00,MT,HB,,,,,,,1,TA,0.217,01-Mar-19
2019DS,C995,00-Jan-00,00-Jan-00,186,5.2,81,0.98,,,,00-Jan-00,74,00-Jan-00,MT,HB,,,,,,,1,TA,0.217,01-Mar-19
2019DS,C92E,00-Jan-00,00-Jan-00,130,5.3,83,0.93,,,,00-Jan-00,78,00-Jan-00,MT,HB,,,,,,,1,TA,0.217,01-Mar-19
2019DS,C915,00-Jan-00,00-Jan-00,293,5.3,84,0.89,,,,00-Jan-00,79,00-Jan-00,MT,HB,,,,,,JUMPED DURING INCISION,1,TA,0.217,01-Mar-19
2019DS,CAF5,00-Jan-00,00-Jan-00,151,5,82,0.91,,,,00-Jan-00,100,00-Jan-00,MT,HB,,,,,,,1,TA,0.217,01-Mar-19
2019DS,C95B,00-Jan-00,00-Jan-00,168,5.8,85,0.94,,,,00-Jan-00,118,00-Jan-00,MT,HB,,,,,,,1,TA,0.217,01-Mar-19
2019DS,CB56,00-Jan-00,00-Jan-00,174,4.6,80,0.90,,,,00-Jan-00,57,00-Jan-00,MT,HB,,,,,,,1,TA,0.217,01-Mar-19
2019DS,C96E,00-Jan-00,00-Jan-00,136,4.6,80,0.90,,,,00-Jan-00,94,00-Jan-00,MT,HB,8.7,11.15,9.3,11.58,,,1,TA,0.217,01-Mar-19
2019DS,CB25,00-Jan-00,00-Jan-00,87,5.8,83,1.01,,,,00-Jan-00,65,00-Jan-00,MT,HB,,,,,,,1,TA,0.217,01-Mar-19
2019DS,CBA2,00-Jan-00,00-Jan-00,141,4.6,79,0.93,,,,00-Jan-00,79,00-Jan-00,MT,HB,,,,,,,1,TA,0.217,01-Mar-19
2019DS,CABC,00-Jan-00,00-Jan-00,136,4.7,79,0.95,,,,00-Jan-00,73,00-Jan-00,MT,HB,,,,,,,1,TA,0.217,01-Mar-19
2019DS,CAE9,00-Jan-00,00-Jan-00,145,5.5,82,1.00,,,,00-Jan-00,110,00-Jan-00,MT,HB,,,,,,,1,TA,0.217,01-Mar-19
2019DS,CA9E,00-Jan-00,00-Jan-00,146,4.6,80,0.90,,,,00-Jan-00,73,00-Jan-00,MT,HB,,,,,,,1,TA,0.217,01-Mar-19
2019DS_TE,CADD,00-Jan-00,00-Jan-00,82,7.5,93,0.93,,,,00-Jan-00,76,00-Jan-00,MT,HB,,,,,,,1,TA,0.217,01-Mar-19
2019DS,C928,00-Jan-00,00-Jan-00,148,5.9,85,0.96,,,,00-Jan-00,88,00-Jan-00,MT,HB,,,,,,,1,TA,0.217,01-Mar-19
2019DS,CB5D,00-Jan-00,00-Jan-00,170,4.6,79,0.93,,,,00-Jan-00,69,00-Jan-00,MT,HB,,,,,,,1,TA,0.217,01-Mar-19
2019DS,CB49,00-Jan-00,00-Jan-00,141,4.8,80,0.94,,,,00-Jan-00,112,00-Jan-00,MT,HB,,,,,,,1,TA,0.217,01-Mar-19
2019DS,CAEE,00-Jan-00,00-Jan-00,143,4.8,79,0.97,,,,00-Jan-00,69,00-Jan-00,MT,HB,,,,,,,1,TA,0.217,01-Mar-19
2019DS,CACB,00-Jan-00,00-Jan-00,128,5.7,81,1.07,,,,00-Jan-00,100,00-Jan-00,MT,HB,,,,,,,1,TA,0.217,01-Mar-19
2019DS,C9A8,00-Jan-00,00-Jan-00,166,5.1,81,0.96,,,,00-Jan-00,111,00-Jan-00,MT,HB,,,,,,,1,TA,0.217,01-Mar-19
2019DS,C932,00-Jan-00,00-Jan-00,200,5.5,85,0.90,,,,00-Jan-00,97,00-Jan-00,MT,HB,,,,,,,1,TA,0.217,01-Mar-19
2019DS,CA34,00-Jan-00,00-Jan-00,164,5.9,82,1.07,,,,00-Jan-00,77,00-Jan-00,MT,HB,,,,,,,1,TA,0.217,01-Mar-19
2019DS,CA48,00-Jan-00,00-Jan-00,145,4.7,80,0.92,,,,00-Jan-00,81,00-Jan-00,MT,HB,,,,,,,1,TA,0.217,01-Mar-19
2019DS,CAE5,00-Jan-00,00-Jan-00,154,5.4,84,0.91,,,,00-Jan-00,79,00-Jan-00,MT,HB,,,,,,,1,TA,0.217,01-Mar-19
2019UP,BB26,00-Jan-00,00-Jan-00,155,4.44,74,1.10,,,,00-Jan-00,189,00-Jan-00,CH,MP,,,,,1,,1,TP,0.217,21-Feb-19
2019UP,BA85,00-Jan-00,00-Jan-00,126,4.66,78,0.98,,,,00-Jan-00,189,00-Jan-00,CH,AES,,,,,0,,1,TP,0.217,21-Feb-19
2019UP,BD95,00-Jan-00,00-Jan-00,137,4.85,80,0.95,,,,00-Jan-00,201,00-Jan-00,CH,AES,,,,,0,SUTURES FAIR,1,TP,0.217,21-Feb-19
2019UP,C2D5,00-Jan-00,00-Jan-00,161,4.71,80,0.92,,,,00-Jan-00,196,00-Jan-00,CH,AES,,,,,1,,1,TP,0.217,21-Feb-19
2019UP,BB29,00-Jan-00,00-Jan-00,124,5.44,80,1.06,,,,00-Jan-00,176,00-Jan-00,CH,AES,8.2,10.27,8.6,10.42,1,,1,TP,0.217,21-Feb-19
2019UP,BB92,00-Jan-00,00-Jan-00,193,6.26,85,1.02,,,,00-Jan-00,230,00-Jan-00,CH,AES,,,,,0,,1,TP,0.217,21-Feb-19
2019UP,BD49,00-Jan-00,00-Jan-00,126,4.28,75,1.01,,,,00-Jan-00,179,00-Jan-00,CH,AES,,,,,0,,1,TP,0.217,21-Feb-19
2019UP,BA99,00-Jan-00,00-Jan-00,153,4.89,80,0.96,,,,00-Jan-00,147,00-Jan-00,CH,AES,,,,,0,,1,TP,0.217,21-Feb-19
2019UP,BCAE,00-Jan-00,00-Jan-00,191,5.22,81,0.98,,,,00-Jan-00,132,00-Jan-00,CH,AES,,,,,0,,1,TP,0.217,21-Feb-19
2019UP,C4AD,00-Jan-00,00-Jan-00,191,5.19,81,0.98,,,,00-Jan-00,128,00-Jan-00,CH,AES,,,,,0,,1,TP,0.217,21-Feb-19
2019UP,BED2,00-Jan-00,00-Jan-00,197,4.55,79,0.92,,,,00-Jan-00,209,00-Jan-00,CH,AES,,,,,0,,1,TP,0.217,21-Feb-19
2019UP,C2B4,00-Jan-00,00-Jan-00,113,4.3,75,1.02,,,,00-Jan-00,158,00-Jan-00,CH,AES,8.3,10.37,8.7,10.42,0,,1,TP,0.217,21-Feb-19
2019UP,BD6B,00-Jan-00,00-Jan-00,180,5.63,82,1.02,,,,00-Jan-00,185,00-Jan-00,CH,AES,,,,,1,,1,TP,0.217,21-Feb-19
2019UP,C4A4,00-Jan-00,00-Jan-00,223,6.26,87,0.95,,,,00-Jan-00,166,00-Jan-00,CH,AES,,,,,1,,1,TP,0.217,21-Feb-19
2019UP_TE,C8DA,00-Jan-00,00-Jan-00,106,5.31,78,1.12,,,,00-Jan-00,175,00-Jan-00,CH,AES,,,,,0,,1,TP,0.217,21-Feb-19
2019UP,C565,00-Jan-00,00-Jan-00,155,5.1,81,0.96,,,,00-Jan-00,194,00-Jan-00,CH,AES,,,,,1,,1,TP,0.217,21-Feb-19
2019UP,BF56,00-Jan-00,00-Jan-00,86,5.91,85,0.96,,,,00-Jan-00,145,00-Jan-00,CH,AES,,,,,0,,1,TP,0.217,21-Feb-19
2019UP,BB14,00-Jan-00,00-Jan-00,86,5.62,84,0.95,,,,00-Jan-00,180,00-Jan-00,CH,AES,,,,,1,,1,TP,0.217,21-Feb-19
2019UP,C57A,00-Jan-00,00-Jan-00,215,7.25,91,0.96,,,,00-Jan-00,166,00-Jan-00,CH,AES,,,,,1,INCISION FAIR,1,TP,0.217,21-Feb-19
2019UP,C4B4,00-Jan-00,00-Jan-00,91,4.58,74,1.13,,,,00-Jan-00,132,00-Jan-00,CH,AES,,,,,0,,1,TP,0.217,21-Feb-19
2019UP,BD69,00-Jan-00,00-Jan-00,177,4.3,75,1.02,,,,00-Jan-00,148,00-Jan-00,CH,AES,,,,,0,DROPPED PRIOR TO KO,1,TP,0.217,21-Feb-19
2019UP,BD65,00-Jan-00,00-Jan-00,182,5.85,84,0.99,,,,00-Jan-00,134,00-Jan-00,CH,AES,,,,,0,,1,TP,0.217,21-Feb-19
2019UP,BF52,00-Jan-00,00-Jan-00,155,5.13,83,0.90,,,,00-Jan-00,140,00-Jan-00,CH,AES,,,,,0,,1,TP,0.217,21-Feb-19
2019UP,C34A,00-Jan-00,00-Jan-00,176,5.96,81,1.12,,,,00-Jan-00,169,00-Jan-00,CH,AES,,,,,0,,1,TP,0.217,21-Feb-19
2019UP,C2B5,00-Jan-00,00-Jan-00,213,4.77,81,0.90,,,,00-Jan-00,136,00-Jan-00,CH,AES,,,,,0,,1,TP,0.217,21-Feb-19
2019UP,BD0A,00-Jan-00,00-Jan-00,167,4.51,77,0.99,,,,00-Jan-00,149,00-Jan-00,CH,AES,,,,,0,,1,TP,0.217,21-Feb-19
2019UP,C8AB,00-Jan-00,00-Jan-00,183,5.09,80,0.99,,,,00-Jan-00,128,00-Jan-00,CH,AES,,,,,0,,1,TP,0.217,21-Feb-19
2019UP,BB24,00-Jan-00,00-Jan-00,153,4.49,77,0.98,,,,00-Jan-00,187,00-Jan-00,CH,AES,,,,,0,,1,TP,0.217,21-Feb-19
2019UP,BC54,00-Jan-00,00-Jan-00,179,4.83,80,0.94,,,,00-Jan-00,108,00-Jan-00,CH,AES,,,,,0,,1,TP,0.217,21-Feb-19
2019UP_TE,BE94,00-Jan-00,00-Jan-00,143,4.47,77,0.98,,,,00-Jan-00,186,00-Jan-00,CH,AES,,,,,0,,1,TP,0.217,21-Feb-19
2019UP,BAC8,00-Jan-00,00-Jan-00,228,4.3,80,0.84,,,,00-Jan-00,180,00-Jan-00,CH,AES,,,,,0,,1,TP,0.217,21-Feb-19
2019UP,C8AD,00-Jan-00,00-Jan-00,201,4.77,79,0.97,,,,00-Jan-00,141,00-Jan-00,CH,AES,,,,,0,,1,TP,0.217,21-Feb-19
2019UP,BB32,00-Jan-00,00-Jan-00,141,4.4,76,1.00,,,,00-Jan-00,183,00-Jan-00,CH,AES,,,,,1,,1,TP,0.217,21-Feb-19
2019UP,BDB4,00-Jan-00,00-Jan-00,237,5.86,84,0.99,,,,00-Jan-00,112,00-Jan-00,CH,AES,,,,,1,,1,TP,0.217,21-Feb-19
2019UP,BD4C,00-Jan-00,00-Jan-00,180,5.22,82,0.95,,,,00-Jan-00,155,00-Jan-00,CH,AES,,,,,0,,1,TP,0.217,21-Feb-19
2019UP,C294,00-Jan-00,00-Jan-00,186,4.39,76,1.00,,,,00-Jan-00,167,00-Jan-00,CH,AES,,,,,0,DROPPED PRIOR TO KO,1,TP,0.217,21-Feb-19
2019UP,BEB6,00-Jan-00,00-Jan-00,206,7.32,90,1.00,,,,00-Jan-00,182,00-Jan-00,CH,AES,8.5,10.08,11.2,9.93,0,SUTURE FAIR,1,TP,0.217,21-Feb-19
2019UP,C5DA,00-Jan-00,00-Jan-00,203,4.74,79,0.96,,,,00-Jan-00,159,00-Jan-00,CH,AES,,,,,0,LAST FISH BEFORE SB CHANGE,1,TP,0.217,21-Feb-19
2019UP,BEA5,00-Jan-00,00-Jan-00,124,5.15,81,0.97,,,,00-Jan-00,167,00-Jan-00,CH,AES,,,,,0,,1,TP,0.217,21-Feb-19
2019UP,BF4A,00-Jan-00,00-Jan-00,219,4.49,75,1.06,,,,00-Jan-00,198,00-Jan-00,CH,AES,,,,,0,,1,TP,0.217,21-Feb-19
2019UP,BB44,00-Jan-00,00-Jan-00,259,5.12,80,1.00,,,,00-Jan-00,138,00-Jan-00,CH,AES,8.4,10.09,9,10.23,0,,1,TP,0.217,21-Feb-19
2019UP,C84A,00-Jan-00,00-Jan-00,187,4.82,79,0.98,,,,00-Jan-00,172,00-Jan-00,CH,AES,,,,,1,,1,TP,0.217,21-Feb-19
2019UP,BCA2,00-Jan-00,00-Jan-00,199,5.27,82,0.96,,,,00-Jan-00,164,00-Jan-00,CH,AES,,,,,1,SUTURE FAIR,1,TP,0.217,21-Feb-19
2019UP,BACC,00-Jan-00,00-Jan-00,202,4.44,76,1.01,,,,00-Jan-00,166,00-Jan-00,CH,AES,,,,,0,,1,TP,0.217,21-Feb-19
2019UP_TE,BE92,00-Jan-00,00-Jan-00,182,5.38,81,1.01,,,,00-Jan-00,178,00-Jan-00,CH,AES,,,,,0,,1,TP,0.217,21-Feb-19
2019UP,C6A8,00-Jan-00,00-Jan-00,243,4.36,76,0.99,,,,00-Jan-00,186,00-Jan-00,CH,AES,,,,,0,,1,TP,0.217,21-Feb-19
2019UP,BA6C,00-Jan-00,00-Jan-00,223,4.59,78,0.97,,,,00-Jan-00,188,00-Jan-00,CH,AES,,,,,1,"INCISION FAIR, SUTURE FAIR",1,TP,0.217,21-Feb-19
2019UP,BAB0,00-Jan-00,00-Jan-00,147,6.47,86,1.02,,,,00-Jan-00,166,00-Jan-00,CH,AES,,,,,1,,1,TP,0.217,21-Feb-19
2019UP,BE55,00-Jan-00,00-Jan-00,249,5.48,82,0.99,,,,00-Jan-00,192,00-Jan-00,CH,AES,,,,,0,,1,TP,0.217,21-Feb-19
2019UP,BD46,00-Jan-00,00-Jan-00,211,6.04,85,0.98,,,,00-Jan-00,189,00-Jan-00,CH,AES,,,,,0,,1,TP,0.217,21-Feb-19
2019UP,BAB3,00-Jan-00,00-Jan-00,128,5.2,79,1.05,,,,00-Jan-00,150,00-Jan-00,CH,AES,,,,,1,,1,TP,0.217,21-Feb-19
2019UP,C254,00-Jan-00,00-Jan-00,164,6.1,87,0.93,,,,00-Jan-00,185,00-Jan-00,CH,AES,,,,,,,1,TP,0.217,21-Feb-19
2019UP,BA66,00-Jan-00,00-Jan-00,122,5.67,84,0.96,,,,00-Jan-00,274,00-Jan-00,CH,MP,7.7,11.55,6.8,11.69,1,2/22/2019 9:47:07 AM readings,1,TP,0.217,22-Feb-19
2019UP,C595,00-Jan-00,00-Jan-00,133,4.97,80,0.97,,,,00-Jan-00,177,00-Jan-00,CH,MP,,,,,,,1,TP,0.217,22-Feb-19
2019UP,C255,00-Jan-00,00-Jan-00,190,4.92,78,1.04,,,,00-Jan-00,200,00-Jan-00,CH,MP,,,,,,,1,TP,0.217,22-Feb-19
2019UP,C2AD,00-Jan-00,00-Jan-00,112,4.72,77,1.03,,SO one side,,00-Jan-00,164,00-Jan-00,CH,MP,,,,,,tag activated yesterday. Seems ok pri and fre; short hyperculum,1,TP,0.217,22-Feb-19
2019UP,BB57,00-Jan-00,00-Jan-00,190,5.03,79,1.02,,,,00-Jan-00,252,00-Jan-00,CH,MP,,,,,,,1,TP,0.217,22-Feb-19
2019UP,C256,00-Jan-00,00-Jan-00,278,4.87,79,0.99,,,,00-Jan-00,289,00-Jan-00,CH,MP,,,,,1,tag activated yesterday; okay pri; freq a bit off 416.891,1,TP,0.217,22-Feb-19
2019UP,C5A6,00-Jan-00,00-Jan-00,300,5.27,81,0.99,,,,00-Jan-00,241,00-Jan-00,CH,MP,,,,,,,1,TP,0.217,22-Feb-19
2019UP_TE,BBAB,00-Jan-00,00-Jan-00,155,4.5,77,0.99,,,,00-Jan-00,209,00-Jan-00,CH,MP,,,,,,incision fair,1,TP,0.217,22-Feb-19
2019UP,C4D4,00-Jan-00,00-Jan-00,188,4.81,78,1.01,,SO one side,,00-Jan-00,207,00-Jan-00,CH,MP,,,,,,Short operculum one side,1,TP,0.217,22-Feb-19
2019UP,BF5A,00-Jan-00,00-Jan-00,245,4.82,79,0.98,,,,00-Jan-00,177,00-Jan-00,CH,MP,,,,,1,tag activated yesterday; PRI and freq fine,1,TP,0.217,22-Feb-19
2019UP,C522,00-Jan-00,00-Jan-00,188,5.7,84,0.96,,,,00-Jan-00,226,00-Jan-00,CH,MP,8,11.41,7.8,11.68,1,11:02:18 AM measurements; some fat extruded from fish,1,TP,0.217,22-Feb-19
2019UP,BA9E,00-Jan-00,00-Jan-00,161,5.58,82,1.01,,,,00-Jan-00,133,00-Jan-00,CH,MP,,,,,1,8.3 temp of knockout,1,TP,0.217,22-Feb-19
2019UP,BAEE,00-Jan-00,00-Jan-00,238,4.79,79,0.97,,,,00-Jan-00,145,00-Jan-00,CH,MP,,,,,,,1,TP,0.217,22-Feb-19
2019UP,C15A,00-Jan-00,00-Jan-00,169,5.96,86,0.94,,,,00-Jan-00,175,00-Jan-00,CH,MP,,,,,1,,1,TP,0.217,22-Feb-19
2019UP,BD62,00-Jan-00,00-Jan-00,123,5.44,81,1.02,,,,00-Jan-00,207,00-Jan-00,CH,MP,,,,,,,1,TP,0.217,22-Feb-19
2019UP,C156,00-Jan-00,00-Jan-00,224,6.01,84,1.01,,,,00-Jan-00,181,00-Jan-00,CH,MP,,,,,1,,1,TP,0.217,22-Feb-19
2019UP,BD92,00-Jan-00,00-Jan-00,111,4.66,77,1.02,,,,00-Jan-00,119,00-Jan-00,CH,MP,,,,,,,1,TP,0.217,22-Feb-19
2019UP,BEA9,00-Jan-00,00-Jan-00,176,4.32,78,0.91,,,,00-Jan-00,155,00-Jan-00,CH,MP,,,,,,,1,TP,0.217,22-Feb-19
2019UP,BB3A,00-Jan-00,00-Jan-00,208,4.41,77,0.97,,,,00-Jan-00,122,00-Jan-00,CH,MP,,,,,,,1,TP,0.217,22-Feb-19
2019UP,BBD6,00-Jan-00,00-Jan-00,170,6.07,85,0.99,,,,00-Jan-00,200,00-Jan-00,CH,MP,,,,,,,1,TP,0.217,22-Feb-19
2019UP,BD36,00-Jan-00,00-Jan-00,207,4.55,78,0.96,,,,00-Jan-00,163,00-Jan-00,CH,MP,,,,,,,1,TP,0.217,22-Feb-19
2019UP,C4A5,00-Jan-00,00-Jan-00,202,5.22,80,1.02,,,,00-Jan-00,136,00-Jan-00,CH,MP,,,,,,,1,TP,0.217,22-Feb-19
2019UP_TE,BB96,00-Jan-00,00-Jan-00,167,5.16,82,0.94,F,,,00-Jan-00,152,00-Jan-00,CH,MP,,,,,,,1,TP,0.217,22-Feb-19
2019UP,BECA,00-Jan-00,00-Jan-00,190,4.32,76,0.98,,,,00-Jan-00,196,00-Jan-00,CH,MP,,,,,,,1,TP,0.217,22-Feb-19
2019UP,BB0A,00-Jan-00,00-Jan-00,133,5.54,81,1.04,,,,00-Jan-00,115,00-Jan-00,CH,MP,,,,,,,1,TP,0.217,22-Feb-19
2019UP,C6A9,00-Jan-00,00-Jan-00,155,5.3,82,0.96,,,,00-Jan-00,190,00-Jan-00,CH,MP,,,,,,,1,TP,0.217,22-Feb-19
2019UP,C4BA,00-Jan-00,00-Jan-00,213,6.18,85,1.01,,,,00-Jan-00,171,00-Jan-00,CH,MP,8.5,11.21,9.3,11.5,1,lunch break after this,1,TP,0.217,22-Feb-19
2019UP,C455,00-Jan-00,00-Jan-00,171,5.72,82,1.04,,SO both sides,,00-Jan-00,215,00-Jan-00,CH,EJ,,,,,,short op both sides,1,TP,0.217,22-Feb-19
2019UP,C8AE,00-Jan-00,00-Jan-00,221,4.65,78,0.98,,,,00-Jan-00,182,00-Jan-00,CH,EJ_MP,,,,,1,,1,TP,0.217,22-Feb-19
2019UP,C492,00-Jan-00,00-Jan-00,225,4.46,75,1.06,,SO,,00-Jan-00,201,00-Jan-00,CH,MP,,,,,1,,1,TP,0.217,22-Feb-19
2019UP,BD96,00-Jan-00,00-Jan-00,243,4.81,80,0.94,F,,,00-Jan-00,136,00-Jan-00,CH,MP,,,,,1,,1,TP,0.217,22-Feb-19
2019UP,C2B6,00-Jan-00,00-Jan-00,148,4.35,77,0.95,,,,00-Jan-00,187,00-Jan-00,CH,MP,,,,,,trouble turning on tag,1,TP,0.217,22-Feb-19
2019UP,BDDA,00-Jan-00,00-Jan-00,294,4.76,76,1.08,,,,00-Jan-00,240,00-Jan-00,CH,MP,,,,,,,1,TP,0.217,22-Feb-19
2019UP,BA69,00-Jan-00,00-Jan-00,281,4.4,76,1.00,,,,00-Jan-00,116,00-Jan-00,CH,MP,,,,,,,1,TP,0.217,22-Feb-19
2019UP,BEBA,00-Jan-00,00-Jan-00,147,7.36,91,0.98,,,,00-Jan-00,154,00-Jan-00,CH,MP,,,,,,Golden Gate Fantasy Fish (Colby),1,TP,0.217,22-Feb-19
2019UP,C42A,00-Jan-00,00-Jan-00,170,4.9,78,1.03,,,,00-Jan-00,174,00-Jan-00,CH,MP,8.5,11.21,9.4,11.62,,,1,TP,0.217,22-Feb-19
2019UP,C44A,00-Jan-00,00-Jan-00,167,4.68,78,0.99,,,,00-Jan-00,153,00-Jan-00,CH,MP,,,,,,,1,TP,0.217,22-Feb-19
2019UP_TE,C94B,00-Jan-00,00-Jan-00,175,5.19,80,1.01,,,,00-Jan-00,177,00-Jan-00,CH,MP,,,,,1,,1,TP,0.217,22-Feb-19
2019UP,BED5,00-Jan-00,00-Jan-00,222,4.85,78,1.02,,,,00-Jan-00,133,00-Jan-00,CH,MP,,,,,,,1,TP,0.217,22-Feb-19
2019UP,BD7A,00-Jan-00,00-Jan-00,160,4.7,80,0.92,,,,00-Jan-00,138,00-Jan-00,CH,MP,,,,,,,1,TP,0.217,22-Feb-19
2019UP,BDBA,00-Jan-00,00-Jan-00,154,4.93,80,0.96,,,,00-Jan-00,143,00-Jan-00,CH,MP,,,,,1,,1,TP,0.217,22-Feb-19
2019UP,C454,00-Jan-00,00-Jan-00,146,4.83,77,1.06,,,,00-Jan-00,134,00-Jan-00,CH,MP,8.4,11.25,8.8,11.59,,new dope,1,TP,0.217,22-Feb-19
2019UP,BB16,00-Jan-00,00-Jan-00,196,4.59,79,0.93,,,,00-Jan-00,149,00-Jan-00,CH,MP,,,,,,,1,TP,0.217,22-Feb-19
2019UP,BD57,00-Jan-00,00-Jan-00,218,4.73,78,1.00,,,,00-Jan-00,173,00-Jan-00,CH,MP,,,,,1,,1,TP,0.217,22-Feb-19
2019UP,BDD2,00-Jan-00,00-Jan-00,224,5.04,80,0.98,,,,00-Jan-00,195,00-Jan-00,CH,MP,,,,,1,,1,TP,0.217,22-Feb-19
2019UP,C694,00-Jan-00,00-Jan-00,220,4.52,76,1.03,,,,00-Jan-00,163,00-Jan-00,CH,MP,,,,,,,1,TP,0.217,22-Feb-19
2019UP,BB4B,00-Jan-00,00-Jan-00,216,5.02,78,1.06,,,,00-Jan-00,171,00-Jan-00,CH,MP,,,,,,,1,TP,0.217,22-Feb-19
2019UP,C756,00-Jan-00,00-Jan-00,240,5.12,80,1.00,F,,,00-Jan-00,129,00-Jan-00,CH,MP,,,,,,,1,TP,0.217,22-Feb-19
2019UP,C6B6,00-Jan-00,00-Jan-00,147,5.45,82,0.99,,,,00-Jan-00,131,00-Jan-00,CH,MP,,,,,,,1,TP,0.217,22-Feb-19
2019UP,C8D5,00-Jan-00,00-Jan-00,151,5.79,84,0.98,F,,,00-Jan-00,181,00-Jan-00,CH,MP,,,,,,,1,TP,0.217,22-Feb-19
2019UP,BABD,00-Jan-00,00-Jan-00,225,4.9,79,0.99,,,,00-Jan-00,125,00-Jan-00,CH,MP,,,,,,,1,TP,0.217,22-Feb-19
2019UP,BDB5,00-Jan-00,00-Jan-00,185,5.96,85,0.97,,,,00-Jan-00,198,00-Jan-00,CH,MP,,,,,1,,1,TP,0.217,22-Feb-19
2019UP_TE,C6B2,00-Jan-00,00-Jan-00,228,4.78,77,1.05,,,,00-Jan-00,154,00-Jan-00,CH,MP,,,,,1,,1,TP,0.217,22-Feb-19
2019UP,C564,00-Jan-00,00-Jan-00,188,4.64,79,0.94,,,,00-Jan-00,133,00-Jan-00,CH,MP,,,,,,,1,TP,0.217,22-Feb-19
2019UP,C8B6,00-Jan-00,00-Jan-00,169,4.7,77,1.03,,,,00-Jan-00,170,00-Jan-00,CH,MP,,,,,1,,1,TP,0.217,22-Feb-19
2019UP,C49A,00-Jan-00,00-Jan-00,202,4.54,77,0.99,,,,00-Jan-00,132,00-Jan-00,CH,MP,,,,,,recovery time estimated,1,TP,0.217,22-Feb-19
2019UP,BBDA,00-Jan-00,00-Jan-00,148,4.48,76,1.02,,,,00-Jan-00,175,00-Jan-00,CH,MP,8.2,11.35,8.1,11.93,1,knockout 8.2 C,1,TP,0.217,23-Feb-19
2019UP,BA72,00-Jan-00,00-Jan-00,229,5.77,85,0.94,,,,00-Jan-00,126,00-Jan-00,CH,MP,,,,,,,1,TP,0.217,23-Feb-19
2019UP,BB94,00-Jan-00,00-Jan-00,182,5.16,81,0.97,,SO both Sides,,00-Jan-00,233,00-Jan-00,CH,MP,,,,,,,1,TP,0.217,23-Feb-19
2019UP,BBCA,00-Jan-00,00-Jan-00,285,4.52,77,0.99,,,,00-Jan-00,213,00-Jan-00,CH,MP,,,,,1,,1,TP,0.217,23-Feb-19
2019UP,C296,00-Jan-00,00-Jan-00,235,5.29,82,0.96,,,,00-Jan-00,202,00-Jan-00,CH,MP,,,,,1,,1,TP,0.217,23-Feb-19
2019UP,BD8A,00-Jan-00,00-Jan-00,120,4.85,77,1.06,,,,00-Jan-00,157,00-Jan-00,CH,MP,,,,,1,,1,TP,0.217,23-Feb-19
2019UP,C56C,00-Jan-00,00-Jan-00,231,4.71,80,0.92,,,,00-Jan-00,170,00-Jan-00,CH,MP,,,,,1,,1,TP,0.217,23-Feb-19
2019UP,BE4A,00-Jan-00,00-Jan-00,171,4.76,77,1.04,,,,00-Jan-00,178,00-Jan-00,CH,MP,,,,,1,,1,TP,0.217,23-Feb-19
2019UP,C6D6,00-Jan-00,00-Jan-00,215,4.82,77,1.06,,SO left,,00-Jan-00,181,00-Jan-00,CH,MP,,,,,1,,1,TP,0.217,23-Feb-19
2019UP_mort,BB49_mortality,00-Jan-00,00-Jan-00,244,4.45,78,0.94,,,,00-Jan-00,159,00-Jan-00,CH,MP,8.2,11.29,9.1,11.85,,8.7 knockout,1,TP,0.217,23-Feb-19
2019UP,BB2A,00-Jan-00,00-Jan-00,204,6.47,89,0.92,,,,00-Jan-00,130,00-Jan-00,CH,MP,,,,,1,,1,TP,0.217,23-Feb-19
2019UP_TE,BB15,00-Jan-00,00-Jan-00,153,5.95,86,0.94,,,,00-Jan-00,163,00-Jan-00,CH,MP,,,,,1,,1,TP,0.217,23-Feb-19
2019UP,BADB,00-Jan-00,00-Jan-00,193,6.31,88,0.93,F,,,00-Jan-00,260,00-Jan-00,CH,MP,,,,,1,weak tag?; new knockout,1,TP,0.217,23-Feb-19
2019UP,BB53,00-Jan-00,00-Jan-00,142,4.9,79,0.99,,,,00-Jan-00,245,00-Jan-00,CH,MP,,,,,1,,1,TP,0.217,23-Feb-19
2019UP,C2A5,00-Jan-00,00-Jan-00,289,5.17,81,0.97,F,,,00-Jan-00,159,00-Jan-00,CH,MP,,,,,1,,1,TP,0.217,23-Feb-19
2019UP,BAD0,00-Jan-00,00-Jan-00,225,5.17,79,1.05,,,,00-Jan-00,179,00-Jan-00,CH,MP,,,,,1,weak tag?,1,TP,0.217,23-Feb-19
2019UP,BBA4,00-Jan-00,00-Jan-00,132,5.25,83,0.92,,,,00-Jan-00,174,00-Jan-00,CH,MP,,,,,1,,1,TP,0.217,23-Feb-19
2019UP,BAD3,00-Jan-00,00-Jan-00,235,4.9,81,0.92,,SO,,00-Jan-00,193,00-Jan-00,CH,MP,,,,,,,1,TP,0.217,23-Feb-19
2019UP,C295,00-Jan-00,00-Jan-00,259,5.34,81,1.00,,,,00-Jan-00,164,00-Jan-00,CH,MP,,,,,,,1,TP,0.217,23-Feb-19
2019UP,BB64,00-Jan-00,00-Jan-00,211,5.99,83,1.05,,,,00-Jan-00,142,00-Jan-00,CH,MP,,,,,,,1,TP,0.217,23-Feb-19
2019UP,BA76,00-Jan-00,00-Jan-00,177,4.37,78,0.92,,,,00-Jan-00,192,00-Jan-00,CH,MP,,,,,,,1,TP,0.217,23-Feb-19
2019UP,BDA5,00-Jan-00,00-Jan-00,243,5.29,80,1.03,,,,00-Jan-00,178,00-Jan-00,CH,MP,,,,,1,tag prev marked as problematic. Seems fine now,1,TP,0.217,23-Feb-19
2019UP,C4DA,00-Jan-00,00-Jan-00,130,6.1,86,0.96,,,,00-Jan-00,161,00-Jan-00,CH,MP,9.3,11.08,8.7,11.84,1,,1,TP,0.217,23-Feb-19
2019UP,BCBA,00-Jan-00,00-Jan-00,214,4.65,80,0.91,,,,00-Jan-00,141,00-Jan-00,CH,MP,,,,,,,1,TP,0.217,23-Feb-19
2019UP,C524,00-Jan-00,00-Jan-00,205,4.53,78,0.95,,,,00-Jan-00,239,00-Jan-00,CH,MP,,,,,1,,1,TP,0.217,23-Feb-19
2019UP,C528,00-Jan-00,00-Jan-00,194,4.69,78,0.99,,,,00-Jan-00,193,00-Jan-00,CH,MP,,,,,,,1,TP,0.217,23-Feb-19
2019UP_TE,C28A,00-Jan-00,00-Jan-00,131,5.76,82,1.04,,,,00-Jan-00,151,00-Jan-00,CH,MP,,,,,,new batch of fish,1,TP,0.217,23-Feb-19
2019UP,C5D6,00-Jan-00,00-Jan-00,193,4.87,77,1.07,,,,00-Jan-00,174,00-Jan-00,CH,MP,,,,,,,1,TP,0.217,23-Feb-19
2019UP,BCDA,00-Jan-00,00-Jan-00,212,5.61,80,1.10,,,,00-Jan-00,159,00-Jan-00,CH,MP,,,,,1,weak tag?,1,TP,0.217,23-Feb-19
2019UP,C6EA,00-Jan-00,00-Jan-00,235,6.79,88,1.00,,,,00-Jan-00,190,00-Jan-00,CH,MP,,,,,,,1,TP,0.217,23-Feb-19
2019UP,BB45,00-Jan-00,00-Jan-00,224,5.77,83,1.01,,,,00-Jan-00,140,00-Jan-00,CH,MP,,,,,1,,1,TP,0.217,23-Feb-19
2019UP,C456,00-Jan-00,00-Jan-00,132,4.59,77,1.01,,,,00-Jan-00,182,00-Jan-00,CH,MP,8.5,11.22,10.2,11.59,9.9,,1,TP,0.217,23-Feb-19
2019UP,C696,00-Jan-00,00-Jan-00,122,5.24,82,0.95,,,,00-Jan-00,124,00-Jan-00,CH,MP,8.4,11.22,8.7,11.75,1,new dope and surg bath,1,TP,0.217,23-Feb-19
2019UP,BA7A,00-Jan-00,00-Jan-00,218,4.32,75,1.02,,,,00-Jan-00,132,00-Jan-00,CH,MP,,,,,,,1,TP,0.217,23-Feb-19
2019UP,C2A9,00-Jan-00,00-Jan-00,161,5.19,81,0.98,,,,00-Jan-00,129,00-Jan-00,CH,MP,,,,,1,Short operc,1,TP,0.217,23-Feb-19
2019UP,C45A,00-Jan-00,00-Jan-00,176,4.77,78,1.01,,,,00-Jan-00,93,00-Jan-00,CH,MP,,,,,,,1,TP,0.217,23-Feb-19
2019UP,C4D6,00-Jan-00,00-Jan-00,127,4.33,76,0.99,,,,00-Jan-00,141,00-Jan-00,CH,MP,,,,,,,1,TP,0.217,23-Feb-19
2019UP,BE9A,00-Jan-00,00-Jan-00,70,5.93,84,1.00,,,,00-Jan-00,112,00-Jan-00,CH,MP,,,,,,,1,TP,0.217,23-Feb-19
2019UP,C6AB,00-Jan-00,00-Jan-00,150,4.6,79,0.93,,,,00-Jan-00,146,00-Jan-00,CH,MP,,,,,,weak tag?,1,TP,0.217,23-Feb-19
2019UP,BD53,00-Jan-00,00-Jan-00,114,6.58,87,1.00,,,,00-Jan-00,115,00-Jan-00,CH,MM,,,,,,,1,TP,0.217,23-Feb-19
2019UP,C2CA,00-Jan-00,00-Jan-00,134,4.76,78,1.00,,,,00-Jan-00,140,00-Jan-00,CH,MM,,,,,,,1,TP,0.217,23-Feb-19
2019UP_TE,BB58,00-Jan-00,00-Jan-00,87,4.99,77,1.09,,,,00-Jan-00,134,00-Jan-00,CH,MM,,,,,1,,1,TP,0.217,23-Feb-19
2019UP,C2EA,00-Jan-00,00-Jan-00,319,5.97,83,1.04,,,,00-Jan-00,120,00-Jan-00,CH,MM,,,,,1,,1,TP,0.217,23-Feb-19
2019UP,C24A,00-Jan-00,00-Jan-00,148,4.85,79,0.98,,,,00-Jan-00,106,00-Jan-00,CH,MM,,,,,,,1,TP,0.217,23-Feb-19
2019UP,C5BA,00-Jan-00,00-Jan-00,156,5.82,83,1.02,,,,00-Jan-00,263,00-Jan-00,CH,MM,,,,,,,1,TP,0.217,23-Feb-19
2019UP,C74A,00-Jan-00,00-Jan-00,284,4.64,77,1.02,,,,00-Jan-00,110,00-Jan-00,CH,MM,,,,,,,1,TP,0.217,23-Feb-19
2019UP,C352,00-Jan-00,00-Jan-00,141,4.72,78,0.99,,,,00-Jan-00,82,00-Jan-00,CH,MM,,,,,,,1,TP,0.217,23-Feb-19
2019UP,C575,00-Jan-00,00-Jan-00,58,4.31,75,1.02,,,,00-Jan-00,161,00-Jan-00,CH,MM,,,,,,,1,TP,0.217,23-Feb-19
2019UP,BE2A,00-Jan-00,00-Jan-00,195,5.04,80,0.98,,,,00-Jan-00,139,00-Jan-00,CH,MM,,,,,,,1,TP,0.217,23-Feb-19
2019UP,C94C,00-Jan-00,00-Jan-00,188,4.53,75,1.07,,,,00-Jan-00,130,00-Jan-00,CH,MM,,,,,,,1,TP,0.217,23-Feb-19
2019UP,BB42,00-Jan-00,00-Jan-00,88,5.22,79,1.06,,,,00-Jan-00,122,00-Jan-00,CH,MM,,,,,,Sutures fair,1,TP,0.217,23-Feb-19
2019UP,BD6C,00-Jan-00,00-Jan-00,149,5.41,82,0.98,,,,00-Jan-00,116,00-Jan-00,CH,MM,,,,,,,1,TP,0.217,23-Feb-19
2019UP,BEA6,00-Jan-00,00-Jan-00,94,5.08,80,0.99,,SO,,00-Jan-00,121,00-Jan-00,CH,MM,,,,,,,1,TP,0.217,23-Feb-19
2019UP,BE56,00-Jan-00,00-Jan-00,195,4.46,75,1.06,,,,00-Jan-00,268,00-Jan-00,CH,MM,,,,,,,1,TP,0.217,23-Feb-19
2019UP,C32A,00-Jan-00,00-Jan-00,297,6.26,84,1.06,F,,,00-Jan-00,230,00-Jan-00,CH,MM,,,,,,,1,TP,0.217,23-Feb-19
2019UP,BA84,00-Jan-00,00-Jan-00,101,4.93,80,0.96,F,,,00-Jan-00,210,00-Jan-00,CH,MM,,,,,1,Out of order in Teraterm,1,TP,0.217,23-Feb-19
2019UP_TE,BEAD,00-Jan-00,00-Jan-00,294,5.97,83,1.04,,,,00-Jan-00,116,00-Jan-00,CH,MM,,,,,,,1,TP,0.217,23-Feb-19
2019UP,BADC,00-Jan-00,00-Jan-00,149,4.92,80,0.96,,,,00-Jan-00,122,00-Jan-00,CH,MM,,,,,,,1,TP,0.217,23-Feb-19
2019UP,BF6A,00-Jan-00,00-Jan-00,149,4.5,76,1.03,,,,00-Jan-00,148,00-Jan-00,CH,MM,,,,,,,1,TP,0.217,23-Feb-19
2019UP,BAE4,00-Jan-00,00-Jan-00,185,5.05,78,1.06,,,,00-Jan-00,109,00-Jan-00,CH,MM,,,,,,,1,TP,0.217,23-Feb-19
2019UP,BAD2,00-Jan-00,00-Jan-00,134,4.89,79,0.99,,,,00-Jan-00,215,00-Jan-00,CH,MM,,,,,,,1,TP,0.217,23-Feb-19
2019UP_TE,BAF5,00-Jan-00,00-Jan-00,222,4.45,77,0.97,,,,00-Jan-00,122,00-Jan-00,CH,MM,,,,,1,,1,TP,0.217,23-Feb-19
2019DS,BD45,00-Jan-00,00-Jan-00,178,4.59,80,0.90,,,,00-Jan-00,132,00-Jan-00,CH,MM,9.2,10.99,9.3,11.13,,,1,TP,0.217,27-Feb-19
2019DS,C594,00-Jan-00,00-Jan-00,114,5.07,81,0.95,F,,,00-Jan-00,372,00-Jan-00,CH,MM,,,,,,SUTURES FAIR,1,TP,0.217,27-Feb-19
2019DS,C5A5,00-Jan-00,00-Jan-00,124,5.01,78,1.06,,,,00-Jan-00,159,00-Jan-00,CH,MM,,,,,1,,1,TP,0.217,27-Feb-19
2019DS,BB6B,00-Jan-00,00-Jan-00,186,5.33,79,1.08,,SO,,00-Jan-00,215,00-Jan-00,CH,MM,,,,,,SUTURE FAIR,1,TP,0.217,27-Feb-19
2019DS,BD76,00-Jan-00,00-Jan-00,276,5.16,80,1.01,,,,00-Jan-00,178,00-Jan-00,CH,MM,,,,,,WEAKER TAG (HIGH PRI)?,1,TP,0.217,27-Feb-19
2019DS,C12A,00-Jan-00,00-Jan-00,197,5.06,77,1.11,,,,00-Jan-00,232,00-Jan-00,CH,MM,,,,,1,,1,TP,0.217,27-Feb-19
2019DS,C48A,00-Jan-00,00-Jan-00,103,4.99,78,1.05,,,,00-Jan-00,130,00-Jan-00,CH,MM,,,,,,,1,TP,0.217,27-Feb-19
2019DS,BD2D,00-Jan-00,00-Jan-00,106,7.39,90,1.01,,,,00-Jan-00,138,00-Jan-00,CH,MM,,,,,,,1,TP,0.217,27-Feb-19
2019DS,BAE2,00-Jan-00,00-Jan-00,192,4.3,76,0.98,,,,00-Jan-00,120,00-Jan-00,CH,MM,,,,,,,1,TP,0.217,27-Feb-19
2019DS,C75A,00-Jan-00,00-Jan-00,173,5.17,80,1.01,,,,00-Jan-00,136,00-Jan-00,CH,MM,,,,,,,1,TP,0.217,27-Feb-19
2019DS,BAC6,00-Jan-00,00-Jan-00,220,4.43,76,1.01,,,,00-Jan-00,183,00-Jan-00,CH,MM,,,,,,,1,TP,0.217,27-Feb-19
2019DS,C82A,00-Jan-00,00-Jan-00,206,5.11,80,1.00,,,,00-Jan-00,152,00-Jan-00,CH,MM,,,,,1,,1,TP,0.217,27-Feb-19
2019DS,C59A,00-Jan-00,00-Jan-00,172,4.52,76,1.03,,,,00-Jan-00,153,00-Jan-00,CH,MM,,,,,,,1,TP,0.217,27-Feb-19
2019DS,C68A,00-Jan-00,00-Jan-00,214,4.85,77,1.06,F,,,00-Jan-00,137,00-Jan-00,CH,MM,,,,,1,,1,TP,0.217,27-Feb-19
2019DS_TE,BDB2,00-Jan-00,00-Jan-00,122,5.28,81,0.99,,,,00-Jan-00,122,00-Jan-00,CH,MM,8.7,11.08,11.8,10.99,1,,1,TP,0.217,27-Feb-19
2019DS,BA9D,00-Jan-00,00-Jan-00,184,5.13,78,1.08,,,,00-Jan-00,121,00-Jan-00,CH,MM,8.8,11.08,9.1,11.36,,,1,TP,0.217,27-Feb-19
2019DS,BAE5,00-Jan-00,00-Jan-00,171,4.71,78,0.99,,,,00-Jan-00,104,00-Jan-00,CH,MM,,,,,,,1,TP,0.217,27-Feb-19
2019DS,BD3A,00-Jan-00,00-Jan-00,159,4.46,77,0.98,,,,00-Jan-00,128,00-Jan-00,CH,MM,,,,,,,1,TP,0.217,27-Feb-19
2019DS,BD75,00-Jan-00,00-Jan-00,117,4.51,77,0.99,,,,00-Jan-00,166,00-Jan-00,CH,MM,,,,,,,1,TP,0.217,27-Feb-19
2019DS,BF55,00-Jan-00,00-Jan-00,147,5.05,79,1.02,,SO RIGHT SIDE,,00-Jan-00,165,00-Jan-00,CH,MM,,,,,1,,1,TP,0.217,27-Feb-19
2019DS,C6A6,00-Jan-00,00-Jan-00,100,5.24,80,1.02,,,,00-Jan-00,169,00-Jan-00,CH,MM,,,,,,,1,TP,0.217,27-Feb-19
2019DS,BB2B,00-Jan-00,00-Jan-00,191,4.42,74,1.09,,,,00-Jan-00,119,00-Jan-00,CH,MM,,,,,,,1,TP,0.217,27-Feb-19
2019DS,BB36,00-Jan-00,00-Jan-00,158,4.86,79,0.99,,,,00-Jan-00,157,00-Jan-00,CH,MM,,,,,,,1,TP,0.217,27-Feb-19
2019DS,C5AD,00-Jan-00,00-Jan-00,213,4.4,75,1.04,,,,00-Jan-00,149,00-Jan-00,CH,MM,,,,,,,1,TP,0.217,27-Feb-19
2019DS,BA9B,00-Jan-00,00-Jan-00,337,5.23,80,1.02,,,,00-Jan-00,211,00-Jan-00,CH,MM,,,,,1,SUTURE FAIR,1,TP,0.217,27-Feb-19
2019DS,BDD4,00-Jan-00,00-Jan-00,242,7.56,91,1.00,,,,00-Jan-00,169,00-Jan-00,CH,MM,,,,,1,,1,TP,0.217,27-Feb-19
2019DS,C2BA,00-Jan-00,00-Jan-00,198,4.65,77,1.02,,,,00-Jan-00,137,00-Jan-00,CH,MM,,,,,,,1,TP,0.217,27-Feb-19
2019DS,BB35,00-Jan-00,00-Jan-00,161,5.21,81,0.98,,,,00-Jan-00,122,00-Jan-00,CH,MM,,,,,,,1,TP,0.217,27-Feb-19
2019DS,BD48,00-Jan-00,00-Jan-00,149,4.68,79,0.95,,,,00-Jan-00,158,00-Jan-00,CH,MM,,,,,,,1,TP,0.217,27-Feb-19
2019DS_TE,BA8C,00-Jan-00,00-Jan-00,120,6.26,85,1.02,,SO,,00-Jan-00,112,00-Jan-00,CH,MM,,,,,,,1,TP,0.217,27-Feb-19
2019DS,C6AA,00-Jan-00,00-Jan-00,161,4.78,79,0.97,,,,00-Jan-00,151,00-Jan-00,CH,MM,,,,,1,,1,TP,0.217,27-Feb-19
2019DS,C515,00-Jan-00,00-Jan-00,181,4.47,76,1.02,,,,00-Jan-00,148,00-Jan-00,CH,MM,,,,,,,1,TP,0.217,27-Feb-19
2019DS,BABB,00-Jan-00,00-Jan-00,160,4.5,76,1.03,,,,00-Jan-00,140,00-Jan-00,CH,MM,,,,,1,,1,TP,0.217,27-Feb-19
2019DS,BDCA,00-Jan-00,00-Jan-00,145,4.45,77,0.97,,,,00-Jan-00,129,00-Jan-00,CH,MM,,,,,,,1,TP,0.217,27-Feb-19
2019DS,C852,00-Jan-00,00-Jan-00,154,4.56,77,1.00,,SO,,00-Jan-00,138,00-Jan-00,CH,MM,8.7,11.15,12,11,1,,1,TP,0.217,27-Feb-19
2019DS,BC2A,00-Jan-00,00-Jan-00,162,5.34,80,1.04,,,,00-Jan-00,150,00-Jan-00,CH,MM,9.4,10.91,9.3,11.23,1,,1,TP,0.217,27-Feb-19
2019DS,C6CA,00-Jan-00,00-Jan-00,104,5.75,83,1.01,F,,,00-Jan-00,144,00-Jan-00,CH,MM,,,,,,,1,TP,0.217,27-Feb-19
2019DS,BD35,00-Jan-00,00-Jan-00,206,5.73,85,0.93,,SO,,00-Jan-00,156,00-Jan-00,CH,MM,,,,,1,,1,TP,0.217,27-Feb-19
2019DS,C5B5,00-Jan-00,00-Jan-00,201,5.91,85,0.96,,,,00-Jan-00,108,00-Jan-00,CH,MM,,,,,,,1,TP,0.217,27-Feb-19
2019DS,BD1A,00-Jan-00,00-Jan-00,96,4.35,75,1.03,F,SO BOTH SIDES,,00-Jan-00,154,00-Jan-00,CH,MM,,,,,,SHORT OPERCULUM BOTH SIDES,1,TP,0.217,27-Feb-19
2019DS,BCD4,00-Jan-00,00-Jan-00,191,5.48,82,0.99,,,,00-Jan-00,156,00-Jan-00,CH,MM,,,,,1,,1,TP,0.217,27-Feb-19
2019DS,BB75,00-Jan-00,00-Jan-00,180,4.58,76,1.04,,,,00-Jan-00,132,00-Jan-00,CH,MM,,,,,,suture fair,1,TP,0.217,27-Feb-19
2019DS,C6B5,00-Jan-00,00-Jan-00,190,4.93,79,1.00,,,,00-Jan-00,133,00-Jan-00,CH,MM,,,,,1,,1,TP,0.217,27-Feb-19
2019DS,C8A4,00-Jan-00,00-Jan-00,157,4.71,77,1.03,,,,00-Jan-00,123,00-Jan-00,CH,MM,,,,,1,,1,TP,0.217,27-Feb-19
2019DS_TE,BA88,00-Jan-00,00-Jan-00,133,4.84,79,0.98,,,,00-Jan-00,232,00-Jan-00,CH,MM,,,,,,,1,TP,0.217,27-Feb-19
2019DS,C8D6,00-Jan-00,00-Jan-00,275,4.96,79,1.01,,,,00-Jan-00,129,00-Jan-00,CH,MM,,,,,,Incision fair,1,TP,0.217,27-Feb-19
2019DS,BABE,00-Jan-00,00-Jan-00,107,4.84,78,1.02,,,,00-Jan-00,144,00-Jan-00,CH,MM,,,,,,"His name is Babe. Go Babe! Go! With a kiss from CH, (s)he's a lucky fish!",1,TP,0.217,27-Feb-19
2019DS,BAA0,00-Jan-00,00-Jan-00,102,5.55,81,1.04,,,,00-Jan-00,154,00-Jan-00,CH,MM,,,,,1,,1,TP,0.217,27-Feb-19
2019DS,C542,00-Jan-00,00-Jan-00,194,4.71,79,0.96,,SO BOTH SIDES,,00-Jan-00,141,00-Jan-00,CH,MM,,,,,1,SHORT OPERCULUM,1,TP,0.217,27-Feb-19
2019DS,BBD5,00-Jan-00,00-Jan-00,197,4.79,79,0.97,,,,00-Jan-00,202,00-Jan-00,CH,MM,,,,,1,,1,TP,0.217,27-Feb-19
2019DS,C532,00-Jan-00,00-Jan-00,157,4.95,79,1.00,,,,00-Jan-00,112,00-Jan-00,CH,MM,,,,,,,1,TP,0.217,27-Feb-19
2019DS,C549,00-Jan-00,00-Jan-00,211,4.34,75,1.03,,,,00-Jan-00,114,00-Jan-00,CH,MM,,,,,,,1,TP,0.217,27-Feb-19
2019DS,C46A,00-Jan-00,00-Jan-00,144,4.37,78,0.92,,,,00-Jan-00,186,00-Jan-00,CH,MM,,,,,,,1,TP,0.217,27-Feb-19
2019DS,BBA9,00-Jan-00,00-Jan-00,212,5.42,80,1.06,,,,00-Jan-00,141,00-Jan-00,CH,MM,,,,,,,1,TP,0.217,27-Feb-19
2019DS,C854,00-Jan-00,00-Jan-00,123,5.41,82,0.98,,,,00-Jan-00,145,00-Jan-00,CH,MM,,,,,1,,1,TP,0.217,27-Feb-19
2019DS,BCB4,00-Jan-00,00-Jan-00,176,5.04,80,0.98,,,,00-Jan-00,136,00-Jan-00,CH,MM,,,,,,,1,TP,0.217,27-Feb-19
2019DS,C562,00-Jan-00,00-Jan-00,221,4.82,79,0.98,F,,,00-Jan-00,133,00-Jan-00,CH,MM,,,,,1,,1,TP,0.217,27-Feb-19
2019DS,BB9A,00-Jan-00,00-Jan-00,146,5.06,79,1.03,,,,00-Jan-00,126,00-Jan-00,CH,MM,,,,,,,1,TP,0.217,27-Feb-19
2019DS,C894,00-Jan-00,00-Jan-00,138,5.32,81,1.00,,,,00-Jan-00,138,00-Jan-00,CH,MM,,,,,1,,1,TP,0.217,27-Feb-19
2019DS_TE,BD28,00-Jan-00,00-Jan-00,170,7.15,91,0.95,,,,00-Jan-00,158,00-Jan-00,CH,MM,,,,,1,,1,TP,0.217,27-Feb-19
2019DS,C64A,00-Jan-00,00-Jan-00,196,5.71,83,1.00,,,,00-Jan-00,156,00-Jan-00,CH,MM,,,,,1,,1,TP,0.217,27-Feb-19
2019DS,BA91,00-Jan-00,00-Jan-00,192,4.97,79,1.01,,SO,,00-Jan-00,195,00-Jan-00,CH,MM,,,,,,SHORT OPERCULUM,1,TP,0.217,27-Feb-19
2019DS,BCB5,00-Jan-00,00-Jan-00,158,5.85,83,1.02,,,,00-Jan-00,152,00-Jan-00,CH,MP,8.9,11.23,9.3,11.4,1,,1,TP,0.217,28-Feb-19
2019DS,BB4E,00-Jan-00,00-Jan-00,193,4.6,79,0.93,,,,00-Jan-00,180,00-Jan-00,CH,MP,,,,,,SUTURE FAIR,1,TP,0.217,28-Feb-19
2019DS,C5A2,00-Jan-00,00-Jan-00,211,5.62,83,0.98,,,,00-Jan-00,168,00-Jan-00,CH,MP,,,,,1,,1,TP,0.217,28-Feb-19
2019DS,BCA5,00-Jan-00,00-Jan-00,187,5.22,79,1.06,F,,,00-Jan-00,135,00-Jan-00,CH,MP,,,,,1,,1,TP,0.217,28-Feb-19
2019DS,C56E,00-Jan-00,00-Jan-00,174,4.44,78,0.94,,SO,,00-Jan-00,178,00-Jan-00,CH,MP,,,,,,short operculum,1,TP,0.217,28-Feb-19
2019DS,BED4,00-Jan-00,00-Jan-00,223,4.54,77,0.99,,,,00-Jan-00,181,00-Jan-00,CH,MP,,,,,,,1,TP,0.217,28-Feb-19
2019DS,BAD7,00-Jan-00,00-Jan-00,226,7.1,91,0.94,,,,00-Jan-00,154,00-Jan-00,CH,MP,,,,,1,,1,TP,0.217,28-Feb-19
2019DS,BDA4,00-Jan-00,00-Jan-00,121,5.15,79,1.04,,,,00-Jan-00,177,00-Jan-00,CH,MP,,,,,,,1,TP,0.217,28-Feb-19
2019DS,C695,00-Jan-00,00-Jan-00,207,5.64,84,0.95,,,,00-Jan-00,157,00-Jan-00,CH,MP,,,,,,,1,TP,0.217,28-Feb-19
2019DS,BB62,00-Jan-00,00-Jan-00,193,5.59,84,0.94,,,,00-Jan-00,142,00-Jan-00,CH,MP,,,,,,,1,TP,0.217,28-Feb-19
2019DS,C8A9,00-Jan-00,00-Jan-00,167,5.1,80,1.00,,,,00-Jan-00,128,00-Jan-00,CH,MP,,,,,1,,1,TP,0.217,28-Feb-19
2019DS,BAA3,00-Jan-00,00-Jan-00,152,4.66,78,0.98,,,,00-Jan-00,155,00-Jan-00,CH,MP,,,,,,,1,TP,0.217,28-Feb-19
2019DS_TE,BDA6,00-Jan-00,00-Jan-00,214,4.7,80,0.92,,,,00-Jan-00,125,00-Jan-00,CH,MP,,,,,,,1,TP,0.217,28-Feb-19
2019DS,BAC5,00-Jan-00,00-Jan-00,138,4.84,79,0.98,,,,00-Jan-00,154,00-Jan-00,CH,MP,8.7,11.12,11.4,11.09,,,1,TP,0.217,28-Feb-19
2019DS,BE96,00-Jan-00,00-Jan-00,184,4.88,79,0.99,,,,00-Jan-00,124,00-Jan-00,CH,MP,,,,,,lunch break,1,TP,0.217,28-Feb-19
2019DS,BBAE,00-Jan-00,00-Jan-00,168,5.74,80,1.12,,,,00-Jan-00,133,00-Jan-00,CH,MP,8.6,11.32,8.8,11.47,,new dope,1,TP,0.217,28-Feb-19
2019DS,C6D4,00-Jan-00,00-Jan-00,153,4.99,80,0.97,,,,00-Jan-00,145,00-Jan-00,CH,MP,,,,,,,1,TP,0.217,28-Feb-19
2019DS,C5A8,00-Jan-00,00-Jan-00,148,5.64,84,0.95,,,,00-Jan-00,155,00-Jan-00,CH,MP,,,,,1,,1,TP,0.217,28-Feb-19
2019DS,C55D,00-Jan-00,00-Jan-00,124,5.56,84,0.94,,,,00-Jan-00,192,00-Jan-00,CH,MP,,,,,1,+37 seconds re-doped after measurement,1,TP,0.217,28-Feb-19
2019DS,BCA6,00-Jan-00,00-Jan-00,220,5.06,81,0.95,,,,00-Jan-00,152,00-Jan-00,CH,MP,,,,,,,1,TP,0.217,28-Feb-19
2019DS,C896,00-Jan-00,00-Jan-00,135,4.6,77,1.01,,,,00-Jan-00,159,00-Jan-00,CH,MP,8.8,11.3,9.8,11.38,1,incision fair,1,TP,0.217,28-Feb-19
2019DS,C5D4,00-Jan-00,00-Jan-00,179,5.06,82,0.92,,SO LS,,00-Jan-00,185,00-Jan-00,CH,MP,,,,,,short operculum left side,1,TP,0.217,28-Feb-19
2019DS,C572,00-Jan-00,00-Jan-00,214,4.63,77,1.01,,,,00-Jan-00,133,00-Jan-00,CH,MP,,,,,,,1,TP,0.217,28-Feb-19
2019DS,C596,00-Jan-00,00-Jan-00,127,5.34,81,1.00,,,,00-Jan-00,296,00-Jan-00,CH,MP,,,,,,suture fair; needle drivers seized up caused tear in first hole,1,TP,0.217,28-Feb-19
2019DS,BD64,00-Jan-00,00-Jan-00,303,4.9,80,0.96,,,,00-Jan-00,190,00-Jan-00,CH,MP,,,,,,,1,TP,0.217,28-Feb-19
2019DS,BD74,00-Jan-00,00-Jan-00,78,4.63,78,0.98,,,,00-Jan-00,161,00-Jan-00,CH,MP,,,,,,+18 seconds re-doped after measurement,1,TP,0.217,28-Feb-19
2019DS,C553,00-Jan-00,00-Jan-00,113,4.72,77,1.03,,,,00-Jan-00,143,00-Jan-00,CH,MP,,,,,,,1,TP,0.217,28-Feb-19
2019DS_TE,BD6E,00-Jan-00,00-Jan-00,92,5.76,83,1.01,,,,00-Jan-00,193,00-Jan-00,CH,MP,,,,,,+28 seconds re-doped after measurement,1,TP,0.217,28-Feb-19
2019DS,CAB1,00-Jan-00,00-Jan-00,311,4.64,77,1.02,,,,00-Jan-00,143,00-Jan-00,CH,MP,,,,,1,,1,TP,0.217,28-Feb-19
2019DS,C494,00-Jan-00,00-Jan-00,212,4.89,79,0.99,,,,00-Jan-00,162,00-Jan-00,CH,MP,,,,,1,,1,TP,0.217,28-Feb-19
2019DS,CA56,00-Jan-00,00-Jan-00,148,5.36,81,1.01,,,,00-Jan-00,201,00-Jan-00,CH,MP,,,,,,,1,TP,0.217,28-Feb-19
2019DS,CABB,00-Jan-00,00-Jan-00,239,5.16,81,0.97,,,,00-Jan-00,113,00-Jan-00,CH,MP,,,,,,Matt's Golden Gate fish,1,TP,0.217,28-Feb-19
2019DS,C929,00-Jan-00,00-Jan-00,159,4.53,77,0.99,,,,00-Jan-00,165,00-Jan-00,CH,MP,,,,,,suture fair,1,TP,0.217,28-Feb-19
2019DS,C969,00-Jan-00,00-Jan-00,133,5.68,83,0.99,,,,00-Jan-00,123,00-Jan-00,CH,MP,,,,,,,1,TP,0.217,28-Feb-19
2019DS,CAC8,00-Jan-00,00-Jan-00,101,5.94,82,1.08,,,,00-Jan-00,123,00-Jan-00,CH,MP,,,,,1,,1,TP,0.217,28-Feb-19
2019DS,CABE,00-Jan-00,00-Jan-00,178,6.5,82,1.18,,,,00-Jan-00,163,00-Jan-00,CH,MP,,,,,1,,1,TP,0.217,28-Feb-19
2019DS,CA5C,00-Jan-00,00-Jan-00,220,5.4,82,0.98,,,,00-Jan-00,148,00-Jan-00,CH,MP,,,,,,,1,TP,0.217,28-Feb-19
2019DS,CB57,00-Jan-00,00-Jan-00,173,5.06,80,0.99,,,,00-Jan-00,123,00-Jan-00,CH,MP,,,,,,tag marked; but seems fine in pri and freq,1,TP,0.217,28-Feb-19
2019DS,C90A,00-Jan-00,00-Jan-00,176,4.89,80,0.96,,,,00-Jan-00,115,00-Jan-00,CH,MP,,,,,,,1,TP,0.217,28-Feb-19
2019DS,CB32,00-Jan-00,00-Jan-00,151,6.7,88,0.98,,,,00-Jan-00,132,00-Jan-00,CH,MP,,,,,,,1,TP,0.217,28-Feb-19
2019DS,CA98,00-Jan-00,00-Jan-00,223,4.69,78,0.99,,,,00-Jan-00,123,00-Jan-00,CH,MP,,,,,,,1,TP,0.217,28-Feb-19
2019DS,CAFA,00-Jan-00,00-Jan-00,125,5.51,81,1.04,,,,00-Jan-00,116,00-Jan-00,CH,MP,,,,,,,1,TP,0.217,28-Feb-19
2019DS_TE,C9DA,00-Jan-00,00-Jan-00,124,5.03,82,0.91,,,,00-Jan-00,99,00-Jan-00,CH,MP,,,,,,,1,TP,0.217,01-Mar-19
2019DS,C9D2,00-Jan-00,00-Jan-00,186,5.11,82,0.93,,,,00-Jan-00,111,00-Jan-00,CH,MP,,,,,,,1,TP,0.217,01-Mar-19
2019DS,CB59,00-Jan-00,00-Jan-00,129,4.64,77,1.02,,,,00-Jan-00,118,00-Jan-00,CH,MP,,,,,,,1,TP,0.217,01-Mar-19
2019DS,CA50,00-Jan-00,00-Jan-00,154,5.58,79,1.13,,,,00-Jan-00,123,00-Jan-00,CH,MP,,,,,1,,1,TP,0.217,01-Mar-19
2019DS,CAA7,00-Jan-00,00-Jan-00,270,4.65,79,0.94,,,,00-Jan-00,140,00-Jan-00,CH,MP,,,,,,,1,TP,0.217,01-Mar-19
2019DS,CBAC,00-Jan-00,00-Jan-00,144,6.13,84,1.03,,,,00-Jan-00,149,00-Jan-00,CH,MP,8.5,11.12,,,1,,1,TP,0.217,01-Mar-19
2019DS,C966,00-Jan-00,00-Jan-00,189,5.24,78,1.10,,,,00-Jan-00,116,00-Jan-00,CH,MP,,,9.3,11.3,,,1,TP,0.217,01-Mar-19
2019DS,CAB4,00-Jan-00,00-Jan-00,135,4.77,78,1.01,,,,00-Jan-00,145,00-Jan-00,CH_MM,MP,,,,,,makenzie clipped free ends of suture,1,TP,0.217,01-Mar-19
2019DS,CA7A,00-Jan-00,00-Jan-00,150,4.9,80,0.96,,,,00-Jan-00,151,00-Jan-00,CH,MP,,,,,1,suture fair,1,TP,0.217,01-Mar-19
2019DS,CBA6,00-Jan-00,00-Jan-00,244,5.26,82,0.95,,,,00-Jan-00,122,00-Jan-00,CH,MP,,,,,1,,1,TP,0.217,01-Mar-19
2019DS,CB69,00-Jan-00,00-Jan-00,121,5.27,81,0.99,,,,00-Jan-00,124,00-Jan-00,CH,MP,,,,,,suture fair,1,TP,0.217,01-Mar-19
2019DS,CAD7,00-Jan-00,00-Jan-00,153,5.38,81,1.01,,,,00-Jan-00,121,00-Jan-00,CH,MP,,,,,,this tag may have been read in teraterm earlier; was not input so bumped to back of line and re-read,1,TP,0.217,01-Mar-19
2019DS,C9A9,00-Jan-00,00-Jan-00,167,5.29,83,0.93,,,,00-Jan-00,133,00-Jan-00,CH,MP,,,,,1,,1,TP,0.217,01-Mar-19
2019DS,CA14,00-Jan-00,00-Jan-00,121,4.76,77,1.04,,,,00-Jan-00,130,00-Jan-00,CH,MP,,,,,1,,1,TP,0.217,01-Mar-19
2019DS,CAD3,00-Jan-00,00-Jan-00,188,6.01,85,0.98,,,,00-Jan-00,104,00-Jan-00,CH,MP,,,,,1,,1,TP,0.217,01-Mar-19
2019DS_TE,C934,00-Jan-00,00-Jan-00,150,4.67,78,0.98,,,,00-Jan-00,113,00-Jan-00,CH,MP,,,,,,,1,TP,0.217,01-Mar-19
2019DS,CAF6,00-Jan-00,00-Jan-00,160,4.68,76,1.07,,,,00-Jan-00,140,00-Jan-00,CH,MP,,,,,,,1,TP,0.217,01-Mar-19
2019DS,CA0A,00-Jan-00,00-Jan-00,167,4.5,77,0.99,,,,00-Jan-00,176,00-Jan-00,CH,MP,,,,,,,1,TP,0.217,01-Mar-19
2019DS,CAB0,00-Jan-00,00-Jan-00,230,4.94,77,1.08,,,,00-Jan-00,151,00-Jan-00,CH,MP,,,,,,,1,TP,0.217,01-Mar-19
2019DS,CBA9,00-Jan-00,00-Jan-00,97,5.54,82,1.00,,,,00-Jan-00,119,00-Jan-00,CH,MP,,,,,,,1,TP,0.217,01-Mar-19
2019DS,CAB8,00-Jan-00,00-Jan-00,177,5.68,81,1.07,,,,00-Jan-00,134,00-Jan-00,CH,MP,,,,,,,1,TP,0.217,01-Mar-19
2019DS,CB68,00-Jan-00,00-Jan-00,92,4.87,79,0.99,,,,00-Jan-00,155,00-Jan-00,CH,MM,,,,,,,1,TP,0.217,01-Mar-19
2019DS,CB0A,00-Jan-00,00-Jan-00,130,4.78,80,0.93,,,,00-Jan-00,118,00-Jan-00,CH,MP,,,,,1,,1,TP,0.217,01-Mar-19
2019DS,CA2E,00-Jan-00,00-Jan-00,138,5.18,80,1.01,,,,00-Jan-00,138,00-Jan-00,CH,MP,8.6,11.1,8.6,11.6,1,new baths,1,TP,0.217,01-Mar-19
2019DS,C996,00-Jan-00,00-Jan-00,177,4.96,79,1.01,,,,00-Jan-00,150,00-Jan-00,CH,MP,,,,,,,1,TP,0.217,01-Mar-19
2019DS,CAB3,00-Jan-00,00-Jan-00,196,4.64,78,0.98,,,,00-Jan-00,123,00-Jan-00,CH,MP,,,,,1,,1,TP,0.217,01-Mar-19
2019DS,CB96,00-Jan-00,00-Jan-00,300,4.53,77,0.99,,,,00-Jan-00,97,00-Jan-00,CH,MP,,,,,,,1,TP,0.217,01-Mar-19
2019DS,C96C,00-Jan-00,00-Jan-00,257,6.36,82,1.15,,,,00-Jan-00,179,00-Jan-00,CH,MP,,,,,,added more dope,1,TP,0.217,01-Mar-19
2019DS,CB5B,00-Jan-00,00-Jan-00,156,5.72,85,0.93,,,,00-Jan-00,183,00-Jan-00,CH,MP,,,,,1,+16 seconds dope after weighed; incision fair,1,TP,0.217,01-Mar-19
2019DS,C9D5,00-Jan-00,00-Jan-00,222,5.12,80,1.00,,,,00-Jan-00,139,00-Jan-00,CH,MP,,,,,1,,1,TP,0.217,01-Mar-19
2019DS_TE,C994,00-Jan-00,00-Jan-00,204,4.71,78,0.99,,,,00-Jan-00,110,00-Jan-00,CH,MP,,,,,,,1,TP,0.217,01-Mar-19
2019DS,CA26,00-Jan-00,00-Jan-00,176,5.02,81,0.94,,,,00-Jan-00,161,00-Jan-00,CH,MP,,,,,1,added more dope,1,TP,0.217,01-Mar-19
2019DS,C959,00-Jan-00,00-Jan-00,210,4.6,78,0.97,,,,00-Jan-00,167,00-Jan-00,CH,MP,,,,,1,+20 seconds doping after weight,1,TP,0.217,01-Mar-19
2019DS,C972,00-Jan-00,00-Jan-00,212,6.7,89,0.95,,,,00-Jan-00,149,00-Jan-00,CH,MP,,,,,1,,1,TA,0.217,01-Mar-19
2019DS,CAA1,00-Jan-00,00-Jan-00,167,6.62,88,0.97,,,,00-Jan-00,110,00-Jan-00,CH,MP,,,,,,,1,TA,0.217,01-Mar-19
2019DS,CBA8,00-Jan-00,00-Jan-00,201,4.92,82,0.89,,,,00-Jan-00,134,00-Jan-00,CH,MP,,,,,,,1,TA,0.217,01-Mar-19
2019DS,CA97,00-Jan-00,00-Jan-00,202,4.52,79,0.92,,SO,,00-Jan-00,224,00-Jan-00,CH,MP,,,,,,short operculum,1,TA,0.217,01-Mar-19
2019DS,CA22,00-Jan-00,00-Jan-00,171,5.77,83,1.01,,,,00-Jan-00,162,00-Jan-00,CH,MP,,,,,1,,1,TA,0.217,01-Mar-19
2019DS,CA82,00-Jan-00,00-Jan-00,151,5.14,80,1.00,,,,00-Jan-00,152,00-Jan-00,CH,MP,,,,,1,,1,TA,0.217,01-Mar-19
2019DS,CB44,00-Jan-00,00-Jan-00,146,6.05,86,0.95,,,,00-Jan-00,122,00-Jan-00,CH,MP,,,,,1,fresh baths,1,TA,0.217,01-Mar-19
2019DS,C953,00-Jan-00,00-Jan-00,174,4.95,81,0.93,,SO LS,,00-Jan-00,171,00-Jan-00,CH,MP,,,,,1,short operculum left side,1,TA,0.217,01-Mar-19
2019DS,CA4E,00-Jan-00,00-Jan-00,217,4.61,77,1.01,,,,00-Jan-00,106,00-Jan-00,CH,MP,,,,,,,1,TA,0.217,01-Mar-19
2019DS,C965,00-Jan-00,00-Jan-00,169,4.74,79,0.96,,,,00-Jan-00,115,00-Jan-00,CH,MP,8.7,11.15,8.9,11.67,,,1,TA,0.217,01-Mar-19
2019DS,CB1A,00-Jan-00,00-Jan-00,162,4.75,78,1.00,,,,00-Jan-00,131,00-Jan-00,CH,MP,,,,,1,,1,TA,0.217,01-Mar-19
2019DS,CB7A,00-Jan-00,00-Jan-00,97,4.99,79,1.01,,,,00-Jan-00,260,00-Jan-00,CH,MP,,,,,,suture fair,1,TA,0.217,01-Mar-19
2019DS_TE,C8EA,00-Jan-00,00-Jan-00,296,4.52,77,0.99,,,,00-Jan-00,150,00-Jan-00,CH,MP,,,,,1,,1,TA,0.217,01-Mar-19
2019DS,C96D,00-Jan-00,00-Jan-00,195,5.15,80,1.01,,,,00-Jan-00,223,00-Jan-00,CH,MP,,,,,,,1,TA,0.217,01-Mar-19
2019DS,CA25,00-Jan-00,00-Jan-00,242,5.1,80,1.00,,,,00-Jan-00,137,00-Jan-00,CH,MP,,,,,,,1,TA,0.217,01-Mar-19
2019DS,CADB,00-Jan-00,00-Jan-00,169,6.15,85,1.00,,,,00-Jan-00,219,00-Jan-00,CH,MP,,,,,1,,1,TA,0.217,01-Mar-19
2019DS,CA69,00-Jan-00,00-Jan-00,249,4.74,75,1.12,,,,00-Jan-00,155,00-Jan-00,CH,MP,,,,,,,1,TA,0.217,01-Mar-19
2019DS,C9BA,00-Jan-00,00-Jan-00,136,4.71,78,0.99,,,,00-Jan-00,150,00-Jan-00,CH,MP,,,,,,rough surgery. Fell off board,1,TA,0.217,01-Mar-19
2019DS,C9A6,00-Jan-00,00-Jan-00,198,5.01,78,1.06,,,,00-Jan-00,149,00-Jan-00,CH,MP,,,,,,,1,TA,0.217,01-Mar-19
2019DS,BCB6,00-Jan-00,00-Jan-00,198,4.92,80,0.96,,,,00-Jan-00,109,00-Jan-00,CH,MP,,,,,,,1,TA,0.217,01-Mar-19
2019DS_TE,BB49,00-Jan-00,00-Jan-00,116,6.62,86,1.04,,,,00-Jan-00,210,00-Jan-00,CH,MP,,,,,,,1,TA,0.217,01-Mar-19
