GPS Names,SN,Filename,Rec Make,Rec Battery Start,Start Study,End Study,End Time (out of water),Temp Logger SN,Beacon ID,Beacon Burst Rate,Rec Battery End,Battery,BatteryID,Bat life days,BatVoltStart,BatVoltEnd,File Size (KB),Rec Deployment Notes,Detection Notes,Even more comments,Mooring Type,Last valid detection,Data Coverage,Coverage Problem,Recovered by,Deployed by,Rec Time clock set at,Real time (PC) stop at,Rec time stop at,difference between real time - rec time
CC_intake_J,20156046,,Teknologic,1/27/2019,1/28/2019 14:54,6/14/2019 9:05,,,F6AD,60,,,,,4.22,,,"initial deployment TT00CA @ 14:45; Mid/end Season DL- got all data TT00C9 @ 9:12, SYNCED CLOCK",,"RT, was named CC_RT in 2018 but this is the same site. data comm =  2016-9014",T post on levee,,,,,,,,,
CC_intake_J,20156046,,Teknologic,1/27/2019,6/14/2019 9:40,7/10/2019 0:00,,,F6AD,60,,,,,,,,"reeployed;end study is the date that Matt pulled data from cloud to use for analysis, receiver still deployed at cvp as of 8/7/19",,,,,,,,,,,,
CC_RGD_1_J,20156033,,Teknologic,1/27/2019,1/28/2019 13:08,5/16/2019 10:00,6/14/2019 11:26,,F6A9,60,,DEAD,,,4.2,2.9,,"initial deployment TT00CA @ 12:08; Final retrieval- got all data, rec died on 5/16",,"deplopuyed by curtis (DWR), cooirds in notebook (and sent by him in email). Deployed on DWR's cable that is attached to the eye bolt in the concrete on the right side of the gates (if looking at gates from the DS side)",eyebolt on DWR cable,,,,,,,,,
CC_RGD_2_J,20156035,,Teknologic,1/27/2019,1/28/2019 13:14,5/21/2019 18:52,6/14/2019 11:45,,,,,DEAD,,,4.24,2.9,,initial deployment TT00CA @ 13:07; final retrieval- got all data rec died on 5/21,,,T post,,,,,,,,,
CC_RGD_3_J,20176050,,Teknologic,1/27/2019,1/28/2019 13:38,5/24/2019 4:35,6/14/2019 10:12,,,,,DEAD,,,4.25,2.9,,"initial deployment TT00CA @ 13:34; final retrieval- got all data, rec died 5/24",,vemco = 545617,AR mooring,,,,,,,,,
CC_RGD_4_J,20176058,,Teknologic,1/27/2019,1/28/2019 13:28,5/26/2019 5:48,6/14/2019 10:01,,,,,DEAD,,,4.26,3,,initial deployment TT00CA @ 13:21; FINAL retrieval- got all data,,vemco = 545619,AR mooring,,,,,,,,,
CC_RGU1_J,20156041,,Teknologic,1/27/2019,1/28/2019 10:52,6/14/2019 11:15,,,F6E6,60,,,,,4.15,,,initial deployment; Mid/end season DL Got all data SYNCED CLOCK,,"RT, data comm = 2016-9008",hanging off gate,,,,,,,,,
CC_RGU1_J,20156041,,Teknologic,1/27/2019,6/14/2019 12:03,6/14/2019 12:03,,,F6E6,60,,,,,,,,"redeployed; ending deployment at the last data download (6/14/19), though receiver is still deployed at cc as of 8/7/19",,,,,,,,,,,,
CC_RGU2_J,20156038,,Teknologic,1/27/2019,1/28/2019 11:19,6/14/2019 11:45,,,F6A8,60,,,,,4.21,,,initial deployment; Mid/end season DL Got all data SYNCED CLOCK,,"RT, data comm = 2016-9011",,,,,,,,,,
CC_RGU2_J,20156038,,Teknologic,1/27/2019,6/14/2019 12:21,6/14/2019 12:21,,,F6A8,60,,,,,,,,"redeployed;ending deployment at the last data download (6/14/19), though receiver is still deployed at cc as of 8/7/19",,,,,,,,,,,,
CVP_Tank1_J,20176072,,Teknologic,,1/17/2019 16:40,5/7/2019 13:30,,,,,,,,,,,,"DL'ed all data up to this point, then formatted card and synced clock, TT 00CA@ ~16:40; DL'ed- got all data",,,,,,,,,,,,
CVP_Tank1_J,20176072,,Teknologic,,5/7/2019 13:30,7/10/2019 0:00,,,,,,,,,,,,"synced clock, rec was never turned off; end study is the date that Matt pulled data from cloud to use for analysis, receiver still in tank",,,,,,,,,,,,
CVP_Tank2_J,20176071,,Teknologic,,1/17/2019 16:29,5/7/2019 14:00,,,,,,,,,,,,"DL'ed all data up to this point, then formatted card and synced clock, TT 00CA@ 16:47; DL'ed- got all data",,,Tank,,,,,,,,,
CVP_Tank2_J,20176071,,Teknologic,,5/7/2019 14:00,7/10/2019 0:00,,,,,,,,,,,,"synced clock, rec was never turned off; end study is the date that Matt pulled data from cloud to use for analysis, receiver still in tank",,,,,,,,,,,,
CVP_Tank3_J,20176070,,Teknologic,,1/17/2019 16:47,5/7/2019 14:30,,,,,,,,,,,,"DL'ed all data up to this point, then formatted card and synced clock, TT 00CA@ 16:29; DL'ed- got all data",,,,,,,,,,,,
CVP_Tank3_J,20176070,,Teknologic,,5/7/2019 14:30,7/10/2019 0:00,,,,,,,,,,,,"synced clock, rec was never turned off; end study is the date that Matt pulled data from cloud to use for analysis, receiver still in tank",,,,,,,,,,,,
CVP_Tank4_J,20176069,,Teknologic,,3/8/2019 12:00,5/7/2019 15:00,,,,,,,,,,,,"hydrophone was not working on 1/17, on 3/8/19 it was switched out by Gabe and started working; DL'ed- got all data",,"rec DL'ed and formatted on 1/17, but started picking up dets on 3/8 ",,,,,,,,,,
CVP_Tank4_J,20176069,,Teknologic,,5/7/2019 15:00,7/10/2019 0:00,,,,,,,,,,,,"synced clock, rec was never turned off; end study is the date that Matt pulled data from cloud to use for analysis, receiver still in tank",,,,,,,,,,,,
CVPD_J,18027,,ATS,1/17/2019,1/17/2019 13:58,3/10/2019 5:37,5/7/2019 12:37,,,,,,,,3.64,,,"initial deployment TTF755 @ 13:23; receiver download and replacement: only recorded 52 days worth of data before dying, replaced with ATS 18028",,"switched names for 2019 DB, see locations sheet",cabled to walk way railing,,,,,"CH, GS",,,,
CVPD_J,18028,,ATS,5/6/2019,5/7/2019 13:00,,,,,,,,,,,,,"deployed ATS 18028 as replacement, rec was tested day before but no lights flashed when checked before deploying- deployed rec anyways;",,,,,,,,,,,,
CVPU_J,20156037,,Teknologic,1/17/2019,1/17/2019 15:21,7/10/2019 0:00,,,F755,60,,,,,4.18,,,"initial deployment; end stidy date is the date the Matt pulled the data off of the cloud for this receiver, it is still at the CVP as of 8/8/19",,"switched names for 2019 DB, see locations sheet",,,,,,"CH, GS",,,,
Delt_TC_1_J,20176011,,Teknologic,2/11/2019,2/12/2019 10:33,3/26/2019 11:28,3/26/2019 11:28,,F7AA,60,,,,,4.2,,,"initial deployment TT038C @ 10:11; functionality check: RED BAD only dl'ed BIN file named ""unknown"", swapped out and replaced with receiver 20176018",,"same location as 2018, used same cable and wieghts. Receiver was thrown in crooked and maybe hydrophone tip hit weights on way down. Poulled back up to check, flashed green so considered it fine",T post,,,,,"CH, WX",,,,
Delt_TC_1_J,20176018,,Teknologic,3/18/2019,3/26/2019 11:58,5/31/2019 11:21,5/31/2019 11:21,,F7AA,60,,,,,,,,"deployed rec 20176018 as replacement; mid deason DL- BAD REC: only downloaed ""unknown"" files again swapped out and replaced with 2017-6003",,,,,,,,,,,,
Delt_TC_1_J,20176003,,Teknologic,5/15/2019,5/31/2019 11:45,6/26/2019 11:35,6/26/2019 11:35,,F7AA,60,,ALIVE,,,,3.8,,deployed new rec 20176003; FINAL RETRIEVAL TT00CA @11:40,,,,,,,,,,,,
Delt_TC_2_J,20176001,,Teknologic,2/8/2019,2/12/2019 11:14,3/26/2019 12:01,,,,,,,,,4.22,,,initial deployment TT038C @ 10:51; functionality check- all good TT00C9@12:03,,"basically same site,moved location slightly from 2018, cabled to larger tree on left",cabled to tree,,,,,"CH, WX",,,,
Delt_TC_2_J,20176001,,Teknologic,2/8/2019,3/26/2019 12:13,5/31/2019 12:09,,,,,,,,,,,,"redeployed; mid season DL- got all data TT00C9@ 12:10- rec was pulled into shore when arrived, hydrophone still under water though and was picking up TT across river so may have continued to detect tags the whole time ",,,,,,,,,,,,
Delt_TC_2_J,20176001,,Teknologic,2/8/2019,5/31/2019 12:46,6/20/2019 2:56,6/26/2019 11:09,,,,,DEAD,,,,2.9,,redeployed in NEW LOCATION; final retrieval DOA,,"new gps coords: 37.98956,-121.45905 in J2 gps as TC2 2019 Moved",,,,,,,,,,
MidR_hwy4_1_J,20156002,,Teknologic,2/6/2019,2/8/2019 9:52,3/25/2019 11:29,,,,,,,,,4.23,,,"initial deployment TT00Ca @ 9:44;functionality check, all data good TT00c9 @11:30",,"same location as 2018, just to right of tules",T post,,,,,"CH, WX, HB",,,,
MidR_hwy4_1_J,20156002,,Teknologic,2/6/2019,3/25/2019 11:47,5/22/2019 12:04,5/28/2019 16:49,,,,,DEAD,,,4.23,2.9,,"redeployed;Mid season DL- rec DOA, got data through 5/22, replaced with rec 2015-6003",,,,,,,,,,,,
MidR_hwy4_1_J,20156003,,Teknologic,5/15/2019,5/28/2019 16:58,7/3/2019 10:10,7/3/2019 10:10,,,,,ALIVE,,,,3.6,,redeployed; final retrieval TT00CA@ 10:10,,,,,,,,,,,,
MidR_hwy4_2_J,20176006,,Teknologic,2/2/2019,2/8/2019 10:12,3/25/2019 11:55,,,F6AA,60,,,,,4.2,,,initial deployment TT00CA @ 9:59;functionality check- all good TT00c9@11:55,,"same location as 2018, used same cable and weights",T post,,,,,"CH, WX, HB",,,,
MidR_hwy4_2_J,20176006,,Teknologic,2/2/2019,3/25/2019 12:15,5/28/2019 17:15,,,F6AA,60,,,,,4.2,,,"redeployed; Mid season DL- got all data TT00C9@ 17:17, SYNCED CLOCK",,,,,,,,,,,,
MidR_hwy4_2_J,20176006,,Teknologic,2/2/2019,5/28/2019 17:34,6/8/2019 18:07,7/3/2019 10:40,,F6AA,60,,DEAD,,,,3,,redeployed; final retrieval DOA,,,,,,,,,,,,
MidR_hwy4_3_J,20176027,,Teknologic,2/6/2019,2/8/2019 10:25,3/25/2019 12:19,,,,,,,,,4.22,,,initial deployment TT00CA @ 10:19; functionality check- all good TT00c9@ 12:20,,"same location as 2018, used same cable and weights",T post,,,,,"CH, WX, HB",,,,
MidR_hwy4_3_J,20176027,,Teknologic,2/6/2019,3/25/2019 12:33,5/28/2019 17:40,,,,,,,,,,,,"redeployed; mid season DL- got all data TT00C9 @ 17:41 , SYNCED CLOCK",,,,,,,,,,,,
MidR_hwy4_3_J,20176027,,Teknologic,2/6/2019,5/28/2019 17:54,6/18/2019 11:05,7/3/2019 9:30,,,,,DEAD,,,,3,,redeployed; final retrieval DOA,,,,,,,,,,,,
MidR_hwy4_4_J,20156007,,Teknologic,2/6/2019,2/8/2019 10:38,3/25/2019 12:38,3/25/2019 12:38,,,,,,,,4.15,,,"initial deployment TT00CA @ 10:30;functionality check, data donlaoded with unknown file names- SD card maflunction? Swapped out and replaced with 20156010 TT00C9 @ 12:55",,"same location as 2018, used same cable and weights",T post,,,,,"CH, WX, HB",,,,
MidR_hwy4_4_J,20156010,,Teknologic,3/8/2019,3/25/2019 12:58,5/28/2019 17:58,,,,,,,,,,,,"redeployed with new rec; mid-season DL- got all data TT00C9 @ 17:59, SYNCED CLOCK",,,,,,,,,,,,
MidR_hwy4_4_J,20156010,,Teknologic,3/8/2019,5/28/2019 18:09,7/3/2019 9:50,7/3/2019 9:50,,,,,ALIVE,,,,3.3,,redeployed; final retrieval TT00CA @ 9:54,,,,,,,,,,,,
MidR_OR_1_J,17083,,ATS,2/2/2019,2/7/2019 12:49,5/11/2019 15:35,5/30/2019 13:35,,,,,DEAD,,,3.64,,,initial deployment TT00CA @ 12:25 flashed green and yellow but not red; final retrieval- got all data but rec died 5/11/19,,"moved site slightly from 2018 location, RR",cabled to tree,,,,,"CH, WX, HB",,,,
OR_HOR_1_J,20176038,,Teknologic,2/6/2019,2/7/2019 13:50,5/17/2019 12:58,,,,,,,,,4.24,,,"initial deployment TT00CA @ 13:38; Mid-season DL- got all data TT00C9 @ 13:00, SYNCED CLOCK",,same location as 2018,cabled to tree,,,,,"CH, WX, HB",,,,
OR_HOR_1_J,20176038,,Teknologic,2/6/2019,5/17/2019 13:16,6/18/2019 12:30,7/1/2019 9:40,,,,,,,,,3,,redeployed; final retrieval DOA,,,,,,,,,,,,
OR_HOR_2_J,20156039,,Teknologic,2/6/2019,2/7/2019 14:15,5/17/2019 13:55,,,,,,,,,4.2,,,"initial deployment TT00CA @ 13:59; mid-season DL- got all data TT00C9@ 13:59, SYNCED CLOCK",,forgot to write coord in ntbk but I think it?s the same location ,cabled to tree,,,,,"CH, WX, HB",,,,
OR_HOR_2_J,20156039,,Teknologic,2/6/2019,5/17/2019 14:21,5/31/2019 18:01,7/1/2019 9:30,,,,,DEAD,,,,3,,"redeployed, final retrieval DOA",,,,,,,,,,,,
OR_HOR_3_J,20156006,,Teknologic,2/6/2019,2/7/2019 13:31,5/17/2019 13:18,,,F6A6,60,,,,,4.18,,,"initial deplpyment TT00CA @ 13:25; mid-season DL- got all data TT00C9 @ 13:23, SYNCED CLOCK",,same location as 2018,cabled to tree,,,,,"CH, WX, HB",,,,
OR_HOR_3_J,20156006,,Teknologic,2/6/2019,5/17/2019 13:41,5/19/2019 10:24,7/1/2019 9:53,,F6A6,60,,DEAD,,,,3,,redeployed; final retrieval DOA,,,,,,,,,,,,
OR_HOR_4_J,20176012,,Teknologic,2/6/2019,2/7/2019 13:18,5/17/2019 14:32,5/17/2019 14:32,,,,,ALIVE,,,4.23,3.4,,"initial deployment TT00CA @ 13:06; mid-season DL- got all data, PULLED REC bc cable began to fray while pulling it up and we didn't have cable to replace it and we didn't want to put it back out with that cable",,same location as 2018,cabled to tree,,,,"CH, WX, AA","CH, WX, HB",,,,
OR_hwy4_1_J,20156005,,Teknologic,2/6/2019,2/8/2019 11:15,3/25/2019 13:34,,,,,,,,,4.19,,,initial deployment TT00CA @ 11:09; functionality check- all goodTTooc9@ 13:36,,"same location as 2018, just to leftof tule patch. Used same cable and weights",T post,,,,,"CH, WX, HB",,,,
OR_hwy4_1_J,20156005,,Teknologic,2/6/2019,3/25/2019 13:47,5/28/2019 14:50,,,,,,,,,,,,"redeployed; Mid-season DL-got all data TT00C9@ 14:53, SYNCED Clock",,,,,,,,,,,,
OR_hwy4_1_J,20156005,,Teknologic,2/6/2019,5/28/2019 15:10,6/7/2019 6:38,7/3/2019 7:58,,,,,DEAD,,,,2.9,,redeployed; final retrieval DOA,,,,,,,,,,,,
OR_hwy4_2_J,20156036,,Teknologic,2/6/2019,2/8/2019 11:04,3/25/2019 14:59,,,,,,,,,4.17,,,initial deployment TT00CA @ 10:57; functionality check- all good TT00C9@ 15:00,,"same location as 2018, just to right of tule patch. Used same cable and weights",T post,,,,,"CH, WX, HB",,,,
OR_hwy4_2_J,20156036,,Teknologic,2/6/2019,3/25/2019 15:12,5/28/2019 14:29,,,,,,,,,,,,redeployed; Mid eason DL- got all data TT00C9@ 14:31,,,,,,,,,,,,
OR_hwy4_2_J,20156036,,Teknologic,2/6/2019,5/28/2019 14:48,5/29/2019 0:19,7/3/2019 8:30,,,,,DEAD,,,,2.9,,redeployed; final retrieval DOA,,,,,,,,,,,,
OR_hwy4_3_J,20176025,,Teknologic,2/6/2019,2/8/2019 11:52,2/15/2019 12:01,,,F6B4,60,,,,,4.18,,,initial deplpyment TT00CA @ 11:23; was pulled up by levee management and left on side of levee,,"same location as 2018, used same cable and weights",T post,,,,,"CH, WX, HB",,,,
OR_hwy4_3_J,20176025,,Teknologic,2/6/2019,2/20/2019 16:46,3/25/2019 14:03,,,F6B4,60,,,,,4.18,,,"redeployed by Mike- downloaded and TT'ed, looked ok; functionality check- all good TT00C9@ 14:05",,,,,,,,,,,,
OR_hwy4_3_J,20176025,,Teknologic,2/6/2019,3/25/2019 14:16,5/28/2019 13:05,,,F6B4,60,,,,,,,,redeployed; Mid-season DL- got all data TT00C9@13:07,,,,,,,,,,,,
OR_hwy4_3_J,20176025,,Teknologic,2/6/2019,5/28/2019 13:34,6/2/2019 11:45,7/3/2019 8:15,,F6B4,60,,DEAD,,,,,,redeployed;final retrieval DOA,,,,,,,,,,,,
OR_hwy4_4_J,20176008,,Teknologic,2/6/2019,2/8/2019 12:25,3/25/2019 14:45,,,,,,,,,4.16,,,initial deployment TT00CA @ 1158; functionality check- all good TT00C9@ 14:46,,"same location as 2018, used same cable and weights",T post,,,,,"CH, WX, HB",,,,
OR_hwy4_4_J,20176008,,Teknologic,2/6/2019,3/25/2019 14:55,5/28/2019 14:00,5/28/2019 14:00,,,,,ALIVE,,,,3.2,,redeployed; Mid-season DL got all data but PULLED REC bc of low battery. Replaced with 20176011,,,,,,,,,,,,
OR_hwy4_4_J,20176011,,Teknologic,2/6/2019,5/28/2019 14:25,7/3/2019 9:05,7/3/2019 9:05,,,,,ALIVE,,,,3.7,,deployed with replacement rec 2017-6011; final retrieval TT00CA @ 9:06,,,,,,,,,,,,
OR_MidR_1_J,20176022,,Teknologic,2/6/2019,2/7/2019 11:34,5/17/2019 15:02,5/17/2019 15:02,,F6BA,60,,,,,4.23,,,"initial deployment TT00CA@ 11:10;Mid-season DL: BAD DATA: only DL'ed unknown files, swapped out and replaced with rec 20176021 (not with beacon tag)",,"basically same location as 2018, maybe moved to another tree",cabled to tree,,,,,"CH, WX, HB",,,,
OR_MidR_1_J,20176021,,Teknologic,5/15/2019,5/17/2019 15:37,7/1/2019 9:12,7/1/2019 9:12,,,,,ALIVE,,,,3.6,,deployed 20176021 as replacement; final retrieval TT00CA @ 9:15,,,,,,,,,,,,
OR_MidR_2_J,20156009,,Teknologic,2/6/2019,2/7/2019 11:00,5/17/2019 15:41,,,,,,,,,4.16,,,initial deplpyment TT00CA @ 10:45; mid-season DL- all data good TT00C9 @ 15:42,,same location as 2018,cabled to tree,,,,,"CH, WX, HB",,,,
OR_MidR_2_J,20156009,,Teknologic,2/6/2019,5/17/2019 15:55,5/28/2019 3:15,7/1/2019 9:03,,,,,DEAD,,,,3,,redeployed; final retrieval DOA,,,,,,,,,,,,
SJ_BCA_1_J,20176016,,Teknologic,2/2/2019,2/5/2019 15:27,6/18/2019 17:42,7/10/2019 11:47,,,,,DEAD,,,4.24,3,,"initial deployment TT00CA @ 15:08; 3/11/19 tried to DL rec but could not find tree with high water; 5/17/19 tried looking for rec again and cant find it- tree that it was on may have been pule dout with flooding?See photo on phone. Tried grappling fo it- no luck; 5/30/19 tried grappling for rec, no luck; 7/1/19 foundcable on fallen tree bc water was finally down and you could see the tree more exposed, could not get receiver up seems stuck under a submerged tree; final retrieval DOA- retrieved by divers",,"basically same location, maybe on different tree. In J2 HH as "" BCA 1 2019""",cabled to tree,,,,,"CH, WX, HB",,,,
SJ_BCA_2_J,20156013,,Teknologic,2/2/2019,2/5/2019 14:50,3/11/2019 11:24,,,,,,,,,4.15,,,initial deployment TT00CA @ 14:47; functionality check and DL- all good ,,moved site from 2018 location,cabled to tree,,,,,"CH, WX, HB",,,,
SJ_BCA_2_J,20156013,,Teknologic,2/2/2019,3/11/2019 11:36,5/17/2019 10:03,,,,,,,,,4.15,,,"redeployed TT00C9 @ 11:27; Mid-season DL- got all data TT00C9@10:04, SYNCED CLOCK",,,,,,,,,,,,
SJ_BCA_2_J,20156013,,Teknologic,2/2/2019,5/17/2019 10:19,5/28/2019 0:41,7/1/2019 12:03,,,,,DEAD,,,,2.9,,redeployed; final retrieval DOA,,,,,,,,,,,,
SJ_Blw_Newman_1_J,20176013,,Teknologic,2/15/2019,2/24/2019 16:12,3/13/2019 14:01,,,,,,,,,4.18,,,initial deployment TT00C9 @ 16:00; functionality check and DKL- all good,,"same location as 2018, used same tree",cabled to tree,,,,,"CH, MM, HB",,,,
SJ_Blw_Newman_1_J,20176013,,Teknologic,2/15/2019,3/13/2019 14:12,5/20/2019 11:42,5/20/2019 11:42,,,,,ALIVE,,,4.18,,,redeployed; final retrieval- got all data,,,,,,,,,,,,
SJ_Blw_Newman_2_J,20186013,,Teknologic,2/15/2019,2/24/2019 16:30,3/13/2019 14:17,,,FF13,30,,,,,4.2,,,initial deployment TT00 00C9 @ 16:17; functionality check and DL- all good,,"new site, in J2 HH as ""Bel Newman2 2019""",cabled to tree,,,,,"CH, MM, HB",,,,
SJ_Blw_Newman_2_J,20186013,,Teknologic,2/15/2019,3/13/2019 14:31,5/20/2019 11:59,5/20/2019 11:59,,FF13,30,,ALIVE,,,4.2,,,redeployed; final retieval- got all data ,,,,,,,,,,,,
SJ_Blw_Release_1_J,20176031,,Teknologic,2/15/2019,2/24/2019 14:24,3/13/2019 12:30,,,,,,,,,4.2,,,initial deployment TT00C9 @ 14:07; functionality check and DL- all good,,same location as 2018,cabled to tree,,,,,"CH, MM, HB",,,,
SJ_Blw_Release_1_J,20176031,,Teknologic,2/15/2019,3/13/2019 12:50,5/20/2019 9:55,5/20/2019 9:55,,,,,ALIVE,,,4.2,,,redeployed TT00C9 @ 12:30; FINAL retrieval-got all data,,shortened steel cable,,,,,,,,,,
SJ_Blw_Release_2_J,20156014,,Teknologic,2/19/2019,2/24/2019 14:40,3/13/2019 12:53,,,F752,60,,,,,4.2,,,initial deployment TT00C9 @ 14:30; functionality check and DL- all good,,"new site, in J2 HH as ""BelRel2 2019""",cabled to tree,,,,,,,,,
SJ_Blw_Release_2_J,20156014,,Teknologic,2/19/2019,3/13/2019 13:05,5/20/2019 9:40,5/20/2019 9:40,,F752,60,,,,,4.2,,,redeployed; final retrieval- got all data ,,freemont ford boat ramp back open,,,,,,,,,,
SJ_BlwCrowsLanding_1_J,20176005,,Teknologic,2/2/2019,2/4/2019 16:12,6/13/2019 0:50,7/2/2019 13:20,,,,,DEAD,,,4.23,,3,initial deployment TT00CA @ 16:07; 5/24/19 tied to retrieve but could not find bc of the high water- come back when water goes down; final retrieval DOA,,"cabled to tree, in J2 and koffler GPs as ""Crows1 2019"". Pretty much same location as 2018",cabled to tree,,,,,"CH, WX, HB",,,,
SJ_BlwCrowsLanding_2_J,18031,,ATS,2/2/2019,2/4/2019 16:29,4/28/2019 8:16,5/24/2019 8:31,,,,,DEAD,,,3.64,,,"initial deployment TT00ca @ 16:27; final retrieval- got all data, died on 4/28",,used same cable and weights from 2018,cabled to tree,,,,,"CH, WX, HB",,,,
SJ_BlwWGrayson_1_J,20176030,,Teknologic,2/2/2019,2/5/2019 8:20,4/15/2019 9:29,,,,,,,,,4.22,,,initial deployment TT00CA @ 8:03; functionality check- all data good TT00C9@9:31,,"basically same location, maybe different tree. In J2 HH and koffler GPS as ""Grayson 1 2019""",cabled to tree,,,,,"CH, WX, HB",,,,
SJ_BlwWGrayson_1_J,20176030,,Teknologic,2/2/2019,4/15/2019 9:49,6/11/2019 9:27,7/2/2019 12:07,,,,,DEAD,,,4.22,3,,redeployed; 5/24/19 tried to retrieve but could not find bc of high water- come back when water goes down; final retrieval DOA,,,,,,,,,,,,
SJ_BlwWGrayson_2_J,20156008,,Teknologic,2/2/2019,2/5/2019 8:50,4/15/2019 8:43,,,,,,,,,4.13,,,initial deployment TT00CA @ 8:38; functionality check- all data good TT00C9@ 8:46,,"same location as 2018, used same cable and weights. In J@ HH as the 2018 site, in koffler GPS as Gray2 2019",cabled to tree,,,,,"CH, WX, HB",,,,
SJ_BlwWGrayson_2_J,20156008,,Teknologic,2/2/2019,4/15/2019 9:01,5/18/2019 22:55,5/24/2019 11:09,,,,,DEAD,,,4.13,,2.9,"redeployed; final retrieval- got all data, rec died on 5/18",,,,,,,,,,,,
SJ_Durhamferry_1_J,20156001,,Teknologic,2/2/2019,2/4/2019 13:46,3/11/2019 9:50,,,,,,,,,4.15,,,initial deployment TT00CA @ 13:30; functionality check and DL- all good,,"basically same location, moved slightly. Cabled to T-post",cabled to tree,,,,,"CH, WX, HB",,,,
SJ_Durhamferry_1_J,20156001,,Teknologic,2/2/2019,3/11/2019 10:04,5/30/2019 12:48,5/30/2019 12:48,,,,,ALIVE,,,4.15,3,,redeployed TT00C9 @ 10:52; 5/17/19- tried to pull up receiever but was super buried and we started to fray the line; final retrieval- got all data,,to note: river height has come up and this receiver no longer reads across the the other bank,cabled to tree,,,,,CH. GS,,,,
SJ_Durhamferry_2_J,20176036,,Teknologic,2/2/2019,2/5/2019 13:00,3/11/2019 9:25,,,F6A5,60,,,,,4.22,,,initial deployment TT00CA @12:49; functionality check and DL- all good,,same location as 2018,cabled to tree,,,,,"CH, WX, HB",,,,
SJ_Durhamferry_2_J,20176036,,Teknologic,2/2/2019,3/11/2019 9:44,5/30/2019 13:35,5/30/2019 13:35,,F6A5,60,,ALIVE,,,4.22,3.2,,redeployed TT 00CA@ 9:28; 5/17/19 tried to pull receiver to DL but it was super buried and we started to fray the line; FINAL RETRIEVAL- got all data except gap from 5/4-5/25 but this could have been when something was burying/ covering receiver,,to note: river height has come up and this receiver no longer reads across the the other bank,cabled to tree,,,,,"CH, GS",,,,
SJ_Durhamferry_RelRec_J,20176020,,Teknologic,2/15/2019,3/11/2019 11:00,5/17/2019 8:26,,,,,,,,,4.19,,,"initial deployment TT00C9 @ 10:48; Mid-season DL-all data good TTooC9@ 8:28,  SYNCED CLOCK",,"new site, located right next to release location ",cabled to tree,,,,,"CH, GS",,,,
SJ_Durhamferry_RelRec_J,20176020,,Teknologic,2/15/2019,5/17/2019 8:47,7/1/2019 11:43,7/1/2019 11:43,,,,,ALIVE,,,,3.1,,redeployed; final retrieval TT00CA@ 11:45,,,,,,,,,,,,
SJ_Hills_1_J,20176015,,Teknologic,2/2/2019,2/4/2019 13:04,3/13/2019 14:41,,,,,,,,,4.25,,,initial deployment TT00CA @ 12:53; functionality check- all good TT00c9@ 15:08,,same location as 2018,cabled to tree,,,,,"CH, WX, HB",,,,
SJ_Hills_1_J,20176015,,Teknologic,2/2/2019,3/13/2019 14:53,5/20/2019 11:14,5/20/2019 11:14,,,,,ALIVE,,,4.25,3.3,,redeployed; final retrieval- got all data TT00C9@ 11:16,,,cabled to tree,,,,,"CH. MM, HB",,,,
SJ_Hills_2_J,20156011,,Teknologic,2/2/2019,2/4/2019 13:40,3/13/2019 15:07,,,,,,,,,4.15,,,initial deployment TT00CA @ 13:31; functionality check and DL- all good,,"cabled to tree, just to the right of 2X4 post sticking out of the water. Near ""Archery Range"" sign. In Koffler GPS and J@ HH as ""Hills2 2019""",cabled to tree,,,,,"CH, WX, HB",,,,
SJ_Hills_2_J,20156011,,Teknologic,2/2/2019,3/13/2019 15:22,5/20/2019 11:30,5/20/2019 11:30,,,,,ALIVE,,,4.15,3.2,,redeployed; final retrieval- got all data,,,cabled to tree,,,,,"CH, HB, MM",,,,
SJ_Hills_RT_1_US,20166002,,Teknologic,2/2/2019,2/26/2019 14:34,3/6/2019 14:23,3/7/2019 11:00,,F6AC,60,,,,,4.13,,,initial deployment TT00C9 @ 13:14; re pulled due to vandelism,,"this is the 2017 site, had to move from the 2018 location because it flooded. Comm box = 2016-9017. In J2 HH as HillsRt1 2019""",cabled to tree,,,,,"CH. MM, HB",,,,
SJ_Hills_RT_1_US,20156044,,Teknologic,2/2/2019,3/7/2019 16:18,3/19/2019 18:14,4/15/2019 11:40,,F6AC,60,,,,,4.15,,,"initial deployment; ANT INFESTATION IN JOB BOX-receiver died on 3/18 but shut off on 3/19, came back to life briefly on 3/28 and died again, Pulled rec, did not deploy any receiver as replacement, so only one rec at Hills Rt station ",,site is just across from 2018 location on BOR acquisition property. ,cabled to tree,,,,,"CH, WX",,,,
SJ_Hills_RT_2_DS,20187022,,Teknologic,2/13/2018,2/26/2019 14:43,2/26/2019 14:43,3/7/2019 11:00,,FF22,30,,,,,4.18,,,"initial deployment of 2nd RT; receiver pulled due to vandelism, rec never worked during deployment ",,hydrophone = 18-30,cabled to tree,,,,,"CH, WX",,,,
SJ_Hills_RT_2_DS,20187021,,Teknologic,,3/7/2019 14:57,4/1/2019 22:14,4/15/2019 11:40,,FF21,30,,,,,4.18,,,"initial deployment; ANT INFESTATION IN JOB BOX- rec was not getting tags when we arrived but was still on, swapped out rec and replaced with 20187022",,site is just across from 2018 location on BOR acquisition property. Comm box = 2016-9018,cabled to tree,,,,,"CH, WX",,,,
SJ_Hills_RT_2_DS,20187022,,Teknologic,,4/15/2019 13:42,5/20/2019 10:38,,,FF22,30,,,,,,,,"deployed rec 20187022 a replacement; Endof season DL- got all data , did not pull because water Is high again and I want to leave in just to make sure no fish are up here",,,,,,,,,,,,
SJ_Hills_RT_2_DS,20187022,,Teknologic,,5/20/2019 11:05,7/2/2019 9:55,7/2/2019 9:55,,FF22,30,,ALIVE,,,,,,redeployed; final retrieval TT00CA@9:56,,,,,,,,,,,,
SJ_HOR_1_J,20176007,,Teknologic,2/2/2019,2/7/2019 9:58,5/17/2019 12:09,,,,,,,,,4.23,,,initial deployment TT00CA @ 9:38; Mid-seaon DL- got all data TT00C9 @ 12:10. SYNCED CLOCK,,same location as 2018,cabled to tree,,,,,,,,,
SJ_HOR_1_J,20176007,,Teknologic,2/2/2019,5/17/2019 12:29,6/11/2019 9:05,7/1/2019 10:08,,,,,DEAD,,,,3,,redeployed; final retrieval DOA- rec was out of water an pulled in on shore upon arrival,,,,,,,,,,,,
SJ_HOR_2_J,20156004,,Teknologic,2/2/2019,2/7/2019 10:10,5/17/2019 11:46,,,,,,,,,4.15,,,"initial deployment TT00CA @ 10:04; Mid-season DL- got all data TT00C9 @ 11:47, SYNCED CLOCK",,same location as 2018,cabled to tree,,,,,,,,,
SJ_HOR_2_J,20156004,,Teknologic,2/2/2019,5/17/2019 12:04,5/17/2019 22:34,7/1/2019 10:16,,,,,DEAD,,,,2.9,,redeployed; final retrieval DOA,,,,,,,,,,,,
SJ_Howard_1_J,20176002,,Teknologic,2/11/2019,2/12/2019 11:55,3/26/2019 8:27,,,,,,,,,4.23,,,initial deployment TT00CA @ 11:39; functionality check- all good TT00C9@ 8:30,,same location as 2018,T post,,,,,"MT, GS",,,,
SJ_Howard_1_J,20176002,,Teknologic,2/11/2019,3/26/2019 8:42,5/31/2019 8:25,,,,,,,,,4.23,,,"redeployed; mid-season DL got all data TT00C9 @ 8:27, SYNCED CLOCK",,,,,,,,,,,,
SJ_Howard_1_J,20176002,,Teknologic,2/11/2019,5/31/2019 8:45,6/24/2019 20:39,6/26/2019 12:43,,,,,DEAD,,,,2.9,,redeployed; final retrieval DOA,,,,,,,,,,,,
SJ_Howard_2_J,20176028,,Teknologic,2/11/2019,2/12/2019 11:35,3/26/2019 8:53,,,F72A,60,,,,,4.23,,,initial deployment TT00CA @ 11:21; functionality check- all good TT00C9 @ 9:01,,"same location as 2018, used same tree.;3/26/19 moved receiver to a tree on other side of river bc rec was pulled in to shore when we arrived (not all the way though, hydrophone still under water). ",cabled to tree,,,,,,,,,
SJ_Howard_2_J,20176028,,Teknologic,2/11/2019,3/26/2019 9:13,5/31/2019 8:00,,,F72A,60,,,,,4.23,,,redeployed at new site; Mid-season DL- got all data TT00C9@ 8:02 SYNCED CLOCK,,,,,,,,,,,,
SJ_Howard_2_J,20176028,,Teknologic,2/11/2019,5/31/2019 8:22,6/23/2019 18:47,6/26/2019 12:25,,F72A,60,,DEAD,,,,2.9,,redeployed; final retrieval DOA,,,,,,,,,,,,
SJ_JP_1_J,20176010,,Teknologic,2/12/2019,2/15/2019 9:11,,,,,,,,,,4.22,,,initial deployment TT038C @ 9:02;,,"same location as 2018, VEMCO = 545628",vemco release,,,,,"GS, CH, WX",,,,
SJ_JP_2_J,20176055,,Teknologic,2/12/2019,2/15/2019 9:32,7/3/2019 21:07,7/10/2019 11:58,,F75A,60,,DEAD,,,4.18,3,,"initial deployment TT038C @ 9:25; tried to retrieve on 6/28, released but it never popped up. Was found by USFW on 7/10, returned to UCDavis on 8/8/19.",,"same location as 2018, Vemco = 545629",vemco release,,,,,"GS, CH, WX",,,,
SJ_JP_3_J,20176029,,Teknologic,2/12/2019,2/15/2019 9:40,6/19/2019 12:31,6/28/2019 9:39,,,,,DEAD,,,4.18,2.9,,initial deployment TT038C @ 9:36; final retrieval DOA,,"same location as 2018, vemco = 545915",vemco release,,,,,"GS, CH, WX",,,,
SJ_JP_4_J,20176054,,Teknologic,2/12/2019,2/15/2019 9:53,6/14/2019 7:08,6/28/2019 10:15,,F6D2,60,,DEAD,,,4.2,2.9,,initial deployment TT038C @ 9:45; final retieval DOA,,"same location as 2018, vemco = 545622",vemco release,,,,,"GS, CH, WX",,,,
SJ_JP_5_J,20186012,,Teknologic,2/12/2019,2/15/2019 10:04,6/2/2019 0:01,6/28/2019 12:10,,FF12,30,,DEAD,,,4.19,3,,initial deployment TT038C @ 10:01; final retrieval DOA,,"same location as 2018, vemco = 545621",vemco release,,,,,"GS, CH, WX",,,,
SJ_JP_6_J,20176052,,Teknologic,2/12/2019,2/15/2019 10:15,6/12/2019 5:46,6/28/2019 10:26,,,,,DEAD,,,4.2,2.9,,initial deployment TT038C @ 10:10; final retrieval DOA,,"same location as 2018, vemco = 545632",vemco release,,,,,"GS, CH, WX",,,,
SJ_JP_7_J,20176056,,Teknologic,2/12/2019,2/15/2019 10:29,6/12/2019 12:01,6/28/2019 10:29,,F6B5,60,,DEAD,,,4.24,2.9,,initial deployment TT038C @ 10:23; final retrieval DOA,,"same location as 2018, vemco = 545913",vemco release,,,,,"GS, CH, WX",,,,
SJ_JP_8_J,20176051,,Teknologic,2/12/2019,2/15/2019 10:40,6/2/2019 7:51,6/28/2019 13:03,,,,,DEAD,,,4.15,2.9,,initial deployment TT038C @ 10:32; final retrieval DOA,,"same location as 2018, vemco = 545916",vemco release,,,,,"GS, CH, WX",,,,
SJ_MAC_1_J,20156034,,Teknologic,2/11/2019,2/12/2019 12:17,3/26/2019 12:32,,,,,,,,,4.15,,,initial deployment TT038C @ 12:06; functionality check- all good TTooC9 @ 12:34,,"same location as 2018, used same cable and weights. Inbetween tule patches ",T post,,,,,"CH, WX",,,,
SJ_MAC_1_J,20156034,,Teknologic,2/11/2019,3/26/2019 12:44,5/31/2019 9:17,5/31/2019 13:52,,,,,,,,4.15,,,"redeployed; Mid-season DL rec DOA but when DL'ed in Lab it looks like it didn't actually die, it stopped at ~9 am that morning and then turned back on @ ~16:00 that day. Weird, swapped out and replaced with 2015-6007",,,,,,,,,,,,
SJ_MAC_1_J,20156007,,Teknologic,5/15/2019,5/31/2019 13:59,6/26/2019 10:29,6/26/2019 10:29,,,,,,,,,3.7,,deployed with rec 20156007; final retrieval TT00CA@ 10:32,,,,,,,,,,,,
SJ_MAC_2_J,20176034,,Teknologic,2/11/2019,2/12/2019 11:56,3/26/2019 13:30,,,F756,60,,,,,4.22,,,initial deployment TT038C @ 11:51; functionality check- all good TT00C9@ 13:31,,"same location as 2018, used same cable and weights. To left of Tules ",T post,,,,,"CH, WX",,,,
SJ_MAC_2_J,20176034,,Teknologic,2/11/2019,3/26/2019 13:39,5/31/2019 14:09,,,F756,60,,,,,4.22,,,redeployed; mid-season DL got all data TT00c9@ 14:11- swapped ou so there were 2 new recs at MAC- replaced with 2015-6016,,,,,,,,,,,,
SJ_MAC_2_J,20156016,,Teknologic,5/15/2019,5/31/2019 14:24,6/26/2019 10:44,6/26/2019 10:44,,F756,60,,ALIVE,,,,3.7,,deployed with rec 2015-6016; final retrieval TT00CA @ 10:45,,,,,,,,,,,,
SJ_MAC_3_J,20176037,,Teknologic,2/11/2019,2/12/2019 12:55,3/29/2019 13:06,,,,,,,,,4.15,,,initial deplpyment TT038C @ 12:48; functionality check- all good TT00C9@13:07,,"same location as 2018, used same cable and weights. ",T post,,,,,,,,,
SJ_MAC_3_J,20176037,,Teknologic,2/11/2019,3/26/2019 13:13,5/31/2019 12:58,,,,,,,,,4.15,,,redeployed; mid-season DL -got all data TT00C9@ 12:59 SYNCED CLOCK,,,,,,,,,,,,
SJ_MAC_3_J,20176037,,Teknologic,2/11/2019,5/31/2019 13:16,6/14/2019 9:12,6/26/2019 9:55,,,,,DEAD,,,2.9,,,redeployed; final retrieval DOA,,,,,,,,,,,,
SJ_MAC_4_J,20156033,,Teknologic,1/27/2019,2/12/2019 12:39,3/26/2019 12:50,,,,,,,,,4.2,,,initial deplpyment TT038C @ 12:29; functionality check all good- TT00C9@ 12:52,,"same location as 2018, used same cable and weights",T post,,,,,,,,,
SJ_MAC_4_J,20156033,,Teknologic,1/27/2019,3/26/2019 13:01,5/31/2019 13:23,,,,,,,,,4.2,,,redeployed; Mid season DL- got all data TT00C9@ 13:23 YNCED CLOCK,,,,,,,,,,,,
SJ_MAC_4_J,20156033,,Teknologic,1/27/2019,5/31/2019 13:42,6/22/2019 9:24,6/26/2019 10:12,,,,,DEAD,,,,2.9,,redeployed; final retrieval DOA,,,,,,,,,,,,
SJ_Moss_1_J,20176024,,Teknologic,2/2/2019,2/7/2019 9:17,3/11/2019 12:02,,,,,,,,,4.16,,,"initial deployment TT00CA @ 9:02; functionality check and DL- all good, covered by a nunch of stick and logs",,"same location as 2018, but also in NR and J2 HH GPS as "" Moss 1 2019""",cabled to tree,,,,,"CH, WX, HB",,,,
SJ_Moss_1_J,20176024,,Teknologic,2/2/2019,3/11/2019 12:24,5/17/2019 11:15,,,,,,,,,4.16,,,"redeployed; Mid-seaon DL- got all data TT00C9 @11:18, SYNCED CLOCK",,,,,,,,,,,,
SJ_Moss_1_J,20176024,,Teknologic,2/2/2019,5/17/2019 11:35,6/5/2019 5:20,7/1/2019 10:33,,,,,DEAD,,,,3,,redeployed; final retrieval DOA,,,,,,,,,,,,
SJ_Moss_2_J,20176009,,Teknologic,2/2/2019,2/7/2019 8:54,3/11/2019 12:29,,,F6B2,60,,,,,4.23,,,initial deployment TT00CA @ 8:40; functionality check and DL- all good,,same location as 2018,cabled to tree,,,,,"CH, WX, HB",,,,
SJ_Moss_2_J,20176009,,Teknologic,2/2/2019,3/11/2019 12:45,5/17/2019 10:49,,,F6B2,60,,,,,4.23,,,redeployed TT0039 @ 12:35; Mid-season DL- got all data TT 00C9@ 10:51,,,,,,,,,,,,
SJ_Moss_2_J,20176009,,Teknologic,2/2/2019,5/17/2019 11:12,6/11/2019 12:55,7/1/2019 10:48,,F6B2,60,,DEAD,,,4.23,2.9,,redeployed; final retrieval DOA,,,,,,,,,,,,
SJ_Mud_SL_Conf_J,20176019,,Teknologic,2/12/2019,2/24/2019 15:39,2/24/2019 13:00,3/13/2019 13:30,,,,,,,,,,,"initial deployment TT00C9 @ 15:18; receiver did not DL good files, Was flashing but no data recorded- see notes for that day, swapped out for 20176032",,same location as 2018 except on tree,cabled to tree,,,,,,,,,
SJ_Mud_SL_Conf_J,20176032,,Teknologic,3/6/2019,3/13/2019 13:54,5/20/2019 10:15,5/20/2019 10:15,,,,,ALIVE,,,4.27,,,deployed as replacement for 20176019; final retrieval- got all data,,,,,,,,,,,,
SJ_SJG_1_J,20176039,,Teknologic ,2/11/2019,2/12/2019 11:06,3/26/2019 10:04,,,F6EA,60,,,,,4.18,,,initial deployment TT00CA@10:51;  functionality check- all good TT00C9@ 10:05,,site moved ~20 m upstream from 2018 location,cabled to tree,,,,,"MT, GS",,,,
SJ_SJG_1_J,20176039,,Teknologic ,2/11/2019,3/26/2019 10:17,5/31/2019 9:00,5/31/2019 9:00,,F6EA,60,,,,,,,,"redeployed; Mid-season DL- no data after 4/26, SEN file also stops at 4:26 so swapped out and replaced with Rec 20176019. When DL'ed in lab got all data- so nothing was wrong with receiver, something must have just got unplugged during DL in field",,,,,,,,,,,,
SJ_SJG_1_J,20176019,,Teknologic ,5/15/2019,5/31/2019 9:35,6/26/2019 8:50,6/26/2019 8:50,,F6EA,60,,ALIVE,,,,3.8,,redeployed; final retrieval TT00CA@ 8:53,,,,,,,,,,,,
SJ_SJG_2_J,20176004,,Teknologic ,2/11/2019,2/12/2019 10:44,3/26/2019 9:49,,,,,,,,,4.19,,,initial deployment TT00CA @ 10:42; functionality check- all good TTooC9@9:50,,site moved ~20 m from 2018 location to avoid snag,cabled to tree,,,,,"MT, GS",,,,
SJ_SJG_2_J,20176004,,Teknologic ,2/11/2019,3/26/2019 10:01,5/31/2019 9:40,,,,,,,,,,,,redeployed; mid season DL- got all data TT00C9 @ 9:40 SYNCED CLOCK,,,,,,,,,,,,
SJ_SJG_2_J,20176004,,Teknologic ,2/11/2019,5/31/2019 9:54,6/15/2019 10:59,6/26/2019 8:42,,,,,DEAD,,,,2.9,,redeployed; final retrieval ,,,,,,,,,,,,
SJ_SJG_3_J,20176023,,Teknologic ,2/11/2019,2/12/2019 9:57,2/12/2019 9:54,3/26/2019 10:20,,,,,,,,4.21,,,initial deployment TT00CA @ 9:55; functionality check- REC BAD: was not flashing. Switched out and replaced with rec 2015-6017,,same location as 2018,cabled to tree,,,,,"MT, GS",,,,
SJ_SJG_3_J,20156017,,Teknologic ,3/17/2019,3/26/2019 10:38,5/31/2019 10:00,,,,,,,,,,,,redeployed with new rec; mid-season DL got all data TT00C9@ 10:01 SYNCED CLOCK,,,,,,,,,,,,
SJ_SJG_3_J,20156017,,Teknologic ,3/17/2019,5/31/2019 10:19,6/26/2019 8:30,6/26/2019 8:30,,,,,ALIVE,,,,3.4,,redeployed; final retieval TT00CA@ 8:31,,,,,,,,,,,,
SJ_SJG_4_J,20176035,,Teknologic ,2/11/2019,2/12/2019 10:14,6/18/2019 0:20,6/26/2019 8:10,,,,,DEAD,,,4.2,,,"initial deployment TT00CA @ 10:00; 3/26/19: looked for site to DL but could not find rec; 5/31/19 tried to DL rec again but could not find it even with correct GPS point; final retrieval: found rec with mikes help, cable was hidden by vegetation",,same location as 2018,cabled to tree,,,,,"MT, GS",,,,
HOR_AM1,20186002,,Teknologic ,NA,2/23/2019 13:00,5/13/2019 17:00,5/13/2019 17:00,,FF02,,,ALIVE ,,,,,,Mike's receivers at the HOR junction,,,,,,,,,,,,
HOR_AM2,20186006,,Teknologic ,NA,2/23/2019 13:00,5/13/2019 17:00,5/13/2019 17:00,,FF06,,,ALIVE ,,,,,,Mike's receivers at the HOR junction,,,,,,,,,,,,
HOR_AM3,20186003,,Teknologic ,NA,2/23/2019 13:00,5/13/2019 17:00,5/13/2019 17:00,,FF03,,,ALIVE ,,,,,,Mike's receivers at the HOR junction,,,,,,,,,,,,
HOR_AM4,20186008,,Teknologic ,NA,2/23/2019 13:00,5/13/2019 17:00,5/13/2019 17:00,,FF08,,,ALIVE ,,,,,,Mike's receivers at the HOR junction,,,,,,,,,,,,
HOR_AM5,20186001,,Teknologic ,NA,2/23/2019 13:00,,5/13/2019 17:00,,FF01,,,ALIVE ,,,,,,"Mike's receivers at the HOR junction, this one was lost",,,,,,,,,,,,
HOR_AM6,20186005,,Teknologic ,NA,2/23/2019 13:00,5/13/2019 17:00,5/13/2019 17:00,,FF05,,,ALIVE ,,,,,,Mike's receivers at the HOR junction,,,,,,,,,,,,
HOR_AM7,20186007,,Teknologic ,NA,2/23/2019 13:00,5/13/2019 17:00,5/13/2019 17:00,,FF07,,,ALIVE ,,,,,,Mike's receivers at the HOR junction,,,,,,,,,,,,
HOR_AM8,20186009,,Teknologic ,NA,2/23/2019 13:00,5/13/2019 17:00,5/13/2019 17:00,,FF09,,,ALIVE ,,,,,,Mike's receivers at the HOR junction,,,,,,,,,,,,
HOR_AM9,20186004,,Teknologic ,NA,2/23/2019 13:00,5/13/2019 17:00,5/13/2019 17:00,,FF04,,,ALIVE ,,,,,,Mike's receivers at the HOR junction,,,,,,,,,,,,
HOR_SM1,20187023,,Teknologic ,NA,2/23/2019 13:00,5/13/2019 17:00,5/13/2019 17:00,,FF23,,,ALIVE ,,,,,,Mike's receivers at the HOR junction,,,,,,,,,,,,
HOR_SM2,20187013,,Teknologic ,NA,2/23/2019 13:00,5/13/2019 17:00,5/13/2019 17:00,,FF13,,,ALIVE ,,,,,,Mike's receivers at the HOR junction,,,,,,,,,,,,
HOR_SM3,20187026,,Teknologic ,NA,2/23/2019 13:00,5/13/2019 17:00,5/13/2019 17:00,,FF26,,,ALIVE ,,,,,,Mike's receivers at the HOR junction,,,,,,,,,,,,
HOR_SM4,20187020,,Teknologic ,NA,2/23/2019 13:00,5/13/2019 17:00,5/13/2019 17:00,,FF20,,,ALIVE ,,,,,,Mike's receivers at the HOR junction,,,,,,,,,,,,
HOR_SM7,20187017,,Teknologic ,NA,2/23/2019 13:00,5/13/2019 17:00,5/13/2019 17:00,,FF17,,,ALIVE ,,,,,,Mike's receivers at the HOR junction,,,,,,,,,,,,
HOR_SM8,20187028,,Teknologic ,NA,2/23/2019 13:00,5/13/2019 17:00,5/13/2019 17:00,,FF28,,,ALIVE ,,,,,,Mike's receivers at the HOR junction,,,,,,,,,,,,
Benicia01,Benicia01,Z:\JSATS\Receiver Downloads\RT Station SDcard DL\RT_BeniciaRT_01 17128_20181212,ATS SR3017,12/12/2018,12/12/2018 12:00,3/13/2019 12:14,3/13/2019 12:14,,64042,62.01,,,,,5.43,5.43,,real time. Physical download of SD card. All hourly files for this time are Z:\JSATS\Receiver Downloads\RT Station SDcard DL\RT_BeniciaRT_01 17128_20190313,,,,,,,,,,,,
Benicia01,Benicia01,Z:\JSATS\Receiver Downloads\RT Station SDcard DL\RT_BeniciaRT_01 17128_20190801,ATS SR3017,3/13/2019,3/13/2019 12:22,8/1/2019 13:57,8/1/2019 13:57,,64042,62.01,,,,,5.43,5.43,,real time. Physical download of SD card. All hourly files for this time are Z:\JSATS\Receiver Downloads\RT Station SDcard DL\RT_BeniciaRT_01 17128_20190801,,,,,,,,,,,,
Benicia02,Benicia02,BeniciaRT_02 18008_20181213,ATS SR3017,12/13/2018,12/13/2018 11:41,3/13/2019 11:01,3/13/2019 11:01,,64162,60.14,,,,,5.45,,,n Physical download of SD Card. Hourly files in folder Z:\JSATS\Receiver Downloads\RT Station SDcard DL\RT_BeniciaRT_02 18008_20190313,,,,,,,,,,,,
Benicia02,Benicia02,BeniciaRT_02 18008_20190801,ATS SR3017,3/13/2019,3/13/2019 12:05,8/1/2019 13:45,8/1/2019 13:45,,64162,60.14,,,,,5.45,,,"Real Time. Swapped SD card, Updated firmware to V10.36. Additional SD Slamp, added to all hydrophone conduit Z:\JSATS\Receiver Downloads\RT Station SDcard DL\RT_BeniciaRT_02 18008_20190801",,,,,,,,,,,,
Benicia03,Benicia03,,ATS SR3017,12/12/2018,12/12/2018 11:21,3/13/2019 11:26,3/13/2019 11:26,,63834,62.28,,,,,5.47,,,Direct download from SD card hourly files in folder Z:\JSATS\Receiver Downloads\RT Station SDcard DL\RT_BeniciaRT_03 17145_20190313. AA repaired about 12 files with bogus dates.,,,,,,,,,,,,
Benicia03,Benicia03,,ATS SR3017,3/13/2019,3/13/2019 11:38,8/1/2019 13:32,8/1/2019 13:32,,63834,60,,,,,5.47,,,"Real Time. Swapped SD card, Updated firmware to V10.36. Additional SD Slamp, added to all hydrophone conduit. Z:\JSATS\Receiver Downloads\RT Station SDcard DL\RT_BeniciaRT_03 17145_20190801",,,,,,,,,,,,
Benicia04,Benicia04,,ATS SR3017,12/12/2018,12/12/2018 10:59,3/13/2019 10:34,3/13/2019 10:34,,64202,60.28,,,,,5.37,,,real time. Direct SD card download hourly files in folder Z:\JSATS\Receiver Downloads\RT Station SDcard DL\RT_BeniciaRT_04 17147_20190313. Several files with bogus dates not yet repaired.,,,,,,,,,,,,
Benicia04,Benicia04,,ATS SR3017,3/13/2019,3/13/2019 11:13,8/1/2019 13:04,8/1/2019 13:04,,64202,60.28,,,,,5.37,,,"Real Time. Swapped SD card, Updated firmware to V10.36. Additional SD Slamp, added to all hydrophone conduit  Direct SD card download hourly files in folderZ:\JSATS\Receiver Downloads\RT Station SDcard DL\RT_BeniciaRT_04 17147_20190801",,,,,,,,,,,,
Benicia05,Benicia05,,ATS SR3017,12/12/2018,12/12/2018 10:32,3/13/2019 9:59,3/13/2019 9:59,,64148,63.32,,,,,,,,real time. Direct SD card download. Hourly files here Z:\JSATS\Receiver Downloads\RT Station SDcard DL\RT_BeniciaRT_05 17133_20190313,,,,,,,,,,,,
Benicia05,Benicia05,,ATS SR3017,3/13/2019,3/13/2019 10:13,8/1/2019 12:41,8/1/2019 12:41,,64148,63.32,,,,,,,,real time. Direct SD card download. Hourly files here Z:\JSATS\Receiver Downloads\RT Station SDcard DL\RT_BeniciaRT_05 17133_20190801,,,,,,,,,,,,
Benicia06,Benicia06,,ATS SR3017,12/11/2018,12/11/2018 14:54,2/24/2019 17:23,2/24/2019 17:23,,64212,66.62,,,,,5.37,,,real time. Data from direct SD download. Hourly files found here Z:\JSATS\Receiver Downloads\RT Station SDcard DL\RT_BeniciaRT_06 17148_20190224,,,,,,,,,,,,
Benicia06,Benicia06,,ATS SR3017,3/12/2019,3/12/2019 9:57,8/1/2019 12:10,8/1/2019 12:10,,64212,66.62,,,,,5.37,,,"Real Time. Swapped SD card, Updated firmware to V10.36. Additional SD Slamp, added to all hydrophone conduit. Data from direct SD download. Hourly files found here Z:\JSATS\Receiver Downloads\RT Station SDcard DL\RT_BeniciaRT_06 17148_20190801",,,,,,,,,,,,
Benicia07,Benicia07,,ATS SR3017,12/11/2018,12/11/2018 14:38,3/12/2019 10:44,3/12/2019 10:44,,64214,59.96,,,,,5.39,,,real time. Data from direct SD download. Hourly files found here Z:\JSATS\Receiver Downloads\RT Station SDcard DL\RT_BeniciaRT_07 17143_20190312,,,,,,,,,,,,
Benicia07,Benicia07,,ATS SR3017,3/12/2019,3/12/2019 10:52,8/1/2019 11:43,8/1/2019 11:43,,64214,59.96,,,,,5.39,,,"Real Time. Swapped SD card, Updated firmware to V10.36. Additional SD Slamp, added to all hydrophone conduit. Data from direct SD download. Hourly files found here Z:\JSATS\Receiver Downloads\RT Station SDcard DL\RT_BeniciaRT_07 17143_20190801",,,,,,,,,,,,
Benicia08,Benicia08,BeniciaRT_08 17146_20190801,ATS SR3017,3/12/2019,3/12/2019 11:20,8/1/2019 11:14,8/1/2019 11:14,,64346,58.89,,,,,5.37,,,"Real Time. Swapped SD card, Updated firmware to V10.36. Additional SD Slamp, added to all hydrophone conduit. Data from direct SD download. Hourly files found here Z:\JSATS\Receiver Downloads\RT Station SDcard DL\RT_BeniciaRT_08 17146_20190801",,,,,,,,,,,,
Benicia09,Benicia09,,ATS SR3017,12/11/2018,12/11/2018 11:11,3/13/2019 12:35,3/13/2019 12:35,,64082,62.85,,,,,5.37,,,real time.  Data from direct SD download. Hourly files found here Z:\JSATS\Receiver Downloads\RT Station SDcard DL\RT_BeniciaRT_09 18001_20190313,,,,,,,,,,,,
Benicia09,Benicia09,,ATS SR3017,3/13/2019,3/13/2019 12:43,8/2/2019 11:44,8/2/2019 11:44,,64082,62.85,,,,,5.37,,,"Real Time. Swapped SD card, Updated firmware to V10.36. Additional SD Slamp, added to all hydrophone conduit. Data from direct SD download. Hourly files found here Z:\JSATS\Receiver Downloads\RT Station SDcard DL\RT_BeniciaRT_09 18001_20190802",,,,,,,,,,,,
Benicia10,Benicia10,,ATS SR3017,12/12/2018,12/12/2018 13:26,3/13/2019 13:24,3/13/2019 13:24,,63914,62.21,,,,,5.37,,,real time.  Data from direct SD download. Hourly files found here Z:\JSATS\Receiver Downloads\RT Station SDcard DL\RT_BeniciaRT_10 17137_20190313,,,,,,,,,,,,
Benicia10,Benicia10,,ATS SR3017,3/13/2019,3/13/2019 14:04,8/2/2019 11:31,8/2/2019 11:31,,63914,62.21,,,,,5.37,,,real time. Data from direct SD download. Hourly files found here Z:\JSATS\Receiver Downloads\RT Station SDcard DL\RT_BeniciaRT_10 17137_20190802,,,,,,,,,,,,
Benicia11,Benicia11,,ATS SR3017,12/11/2018,12/11/2018 11:34,3/12/2019 13:02,3/12/2019 13:02,,64234,60,,,,,5.37,,,real time. Data from direct SD download. Hourly files found here Z:\JSATS\Receiver Downloads\RT Station SDcard DL\RT_BeniciaRT_11 17126_20190312,,,,,,,,,,,,
Benicia11,Benicia11,,ATS SR3017,7/4/2019,7/4/2019 23:00,8/2/2019 10:59,8/2/2019 10:59,,64234,60,,,,,5.37,,,real time. Data from direct SD download. Hourly files found here Z:\JSATS\Receiver Downloads\RT Station SDcard DL\RT_BeniciaRT_11 17126_20190802,,,,,,,,,,,,
Benicia12,Benicia12,,ATS SR3017,12/11/2018,12/11/2018 11:56,3/12/2019 12:35,3/12/2019 12:35,,64342,60.46,,,,,5.36,5.36,,real time deployed as auto. Data from direct SD download. Hourly files found here Z:\JSATS\Receiver Downloads\RT Station SDcard DL\RT_BeniciaRT_12 18006_20190312,,,,,,,,,,,,
Benicia12,Benicia12,,ATS SR3017,3/12/2019,3/12/2019 12:40,8/2/2019 11:05,8/2/2019 11:05,,64342,60.46,,,,,5.36,5.36,,"Real Time. Swapped SD card, Updated firmware to V10.36. Additional SD Slamp, added to all hydrophone conduit. Data from direct SD download. Hourly files found here Z:\JSATS\Receiver Downloads\RT Station SDcard DL\RT_BeniciaRT_12 18006_20190802",,,,,,,,,,,,
Benicia13,Benicia13,,ATS SR3017,12/11/2018,12/11/2018 12:20,3/12/2019 11:52,3/12/2019 11:52,,64164,60,,,,,5.36,5.36,,real time. Data from direct SD download. Hourly files found here Z:\JSATS\Receiver Downloads\RT Station SDcard DL\RT_BeniciaRT_13 17127_20190312,,,,,,,,,,,,
Benicia13,Benicia13,,ATS SR3017,3/12/2019,3/12/2019 12:07,8/2/2019 9:51,8/2/2019 9:51,,64164,60,,,,,5.36,5.36,,real time. Data from direct SD download. Hourly files found here Z:\JSATS\Receiver Downloads\RT Station SDcard DL\RT_BeniciaRT_13 17127_20190802,,,,,,,,,,,,
Benicia14,Benicia14,,ATS SR3017,12/12/2018,12/12/2018 13:01,3/13/2019 7:59,3/13/2019 7:59,,64138,60,,,,,5.36,5.36,,real time. Data from cell transfer of files. Actual SD Card download not available. Hourly files found here: Z:\JSATS\Receiver Downloads\RT Station SDcard DL\RT_BeniciaRT_14 17125_20190313,,,,,,,,,,,,
Benicia14,Benicia14,,ATS SR3017,3/13/2019,3/13/2019 9:33,8/2/2019 10:18,8/2/2019 10:18,,64138,60,,,,,5.36,5.36,,real time. Data from direct SD download. Hourly files found here Z:\JSATS\Receiver Downloads\RT Station SDcard DL\RT_BeniciaRT_14 17125_20190802,,,,,,,,,,,,
Benicia15,Benicia15,,ATS SR3017,12/11/2018,12/11/2018 13:24,3/13/2019 8:58,3/13/2019 8:58,,64106,64.29,,,,,5.36,5.36,,"Real Time. Swapped SD card, Updated firmware to V10.36. Additional SD Slamp, added to all hydrophone conduit.  Data from direct SD download. Hourly files found here Z:\JSATS\Receiver Downloads\RT Station SDcard DL\RT_BeniciaRT_15 17141_20190313",,,,,,,,,,,,
Benicia15,Benicia15,,ATS SR3017,3/13/2019,3/13/2019 9:08,8/2/2019 10:39,8/2/2019 10:39,,64106,64.29,,,,,5.36,5.36,,Real Time. Data from direct SD download. Hourly files found here Z:\JSATS\Receiver Downloads\RT Station SDcard DL\RT_BeniciaRT_15 17141_20190802,,,,,,,,,,,,
Benicia16,Benicia16,,ATS SR3017,12/11/2018,12/11/2018 13:53,3/13/2019 8:33,3/13/2019 8:33,,64210,63.37,,,,,5.36,5.36,,real time. Data from direct SD download. Hourly files found here Z:\JSATS\Receiver Downloads\RT Station SDcard DL\RT_BeniciaRT_16 17138_20190313,,,,,,,,,,,,
Benicia16,Benicia16,,ATS SR3017,3/13/2019,3/13/2019 8:43,8/2/2019 10:30,8/2/2019 10:30,,64210,63.37,,,,,5.36,5.36,,real time. Data from direct SD download. Hourly files found here Z:\JSATS\Receiver Downloads\RT Station SDcard DL\RT_BeniciaRT_16 17138_20190802,,,,,,,,,,,,
Chipps1.1,Chipps1.1,15019___181130_223821.csv,ATSV3.0,11/30/2018,12/3/2018 10:05,3/7/2019 9:45,3/7/2019 9:45,,64169,60,,,,100,4.0-4.0-4.0-4.0,3.6,,clock synced- tested with Lotek 00AA- checked card.  Deployed off USGS big boat off A-frame using 2:1 line lowered to bottom. Marked spot with handheld GPS from stern.,,,,,,,,,,,,
Chipps1.1,Chipps1.1,15025___190227_133627.csv,ATS V3.0,3/6/2019,3/7/2019 10:37,7/1/2019 9:58,7/1/2019 9:58,,64169,60,,,,120,"4.0, 4.0, 4.0, 4.0",3.66,,"updated from 2.8 to 2.82, clock synced, tested with Lotek 00AA, checked card, vacuum test.",,,,,,,,,,,,
Chipps1.2,Chipps1.2,13061___181130_193335.csv,ATSV3.1,11/30/2018,12/3/2018 10:11,3/7/2019 10:37,3/7/2019 10:37,,64174,60,,,,100,4.0-4.0-4.0-4.0,3.5,,clock synced- tested with Lotek 00AA- checked card.  Deployed off USGS big boat off A-frame using 2:1 line lowered to bottom. Marked spot with handheld GPS from stern.,,,,,,,,,,,,
Chipps1.2,Chipps1.2,13051___190228_100050.csv,ATS V3.1,3/6/2019,3/7/2019 11:26,7/1/2019 9:52,7/1/2019 9:52,,64174,60,,,,90,"4.0, 4.0, 4.0, 4.0",3.66,,"updated from 2.8 to 2.82, clock synced, tested with Lotek 00AA, checked card, vacuum test.",,,,,,,,,,,,
Chipps1.3,Chipps1.3,13045___181130_211249.csv,ATSV 3.1,11/30/2018,12/3/2018 10:20,3/7/2019 12:27,3/7/2019 12:27,,64149,60,,,,100,4.0-4.0-4.0-4.0,3.52,,clock synced- tested with Lotek 00AA- checked card,,,,,,,,,,,,
Chipps1.3,Chipps1.3,15007___190228_113449.csv,ATS V3.0,3/6/2019,3/7/2019 12:51,7/1/2019 10:10,7/1/2019 10:10,,64149,60,,,,120,"4.0, 4.0, 4.0, 4.0",3.66,,"updated from 2.8 to 2.82, clock synced, tested with Lotek 00AA, checked card, vacuum test.",,,,,,,,,,,,
Chipps1.4,Chipps1.4,15014___181130_215847.csv,ATSV3.0,11/30/2018,12/3/2018 10:24,3/7/2019 11:47,3/7/2019 11:47,,64182,60,,,,100,4.0-4.0-4.0-4.0,3.44,,clock synced- tested with Lotek 00AA- checked card.  Deployed off USGS big boat off A-frame using 2:1 line lowered to bottom. Marked spot with handheld GPS from stern.,,,,,,,,,,,,
Chipps1.4,Chipps1.4,13008___190228_120142.csv,ATS V3.1,3/6/2019,3/7/2019 12:17,7/1/2019 9:35,7/1/2019 9:35,,64182,60,,,,120,"4.0, 4.0, 4.0, 4.0",3.58,,"updated from 2.8 to 2.82, clock synced, tested with Lotek 00AA, checked card, vacuum test.",,,,,,,,,,,,
Chipps1.5,Chipps1.5,15016___181130_222003.csv,ATSV3.0,11/30/2018,12/3/2018 22:28,3/7/2019 13:03,3/7/2019 13:03,,64165,60,,,,100,4.0-4.0-4.0-4.0,3.49,,clock synced- tested with Lotek 00AA- checked card.  Deployed off USGS big boat off A-frame using 2:1 line lowered to bottom. Marked spot with handheld GPS from stern.,,,,,,,,,,,,
Chipps1.5,Chipps1.5,13036___190306_100708.csv,ATS V3.1,3/6/2019,3/7/2019 13:30,7/1/2019 8:35,7/1/2019 8:35,,64165,60,,,,120,"4.0, 4.0, 4.0, 4.0",3.67,,"clock synced, tested with lotek 00AA, checked card, updated firmate from 2.80 to 2.82, pressure test",,,,,,,,,,,,
Chipps2.1,Chipps2.1,15013___181130_225447.csv,ATSV3.0,11/30/2018,12/3/2018 22:38,3/7/2019 16:13,3/7/2019 16:13,,64168,60,,,,100,4.0-4.0-4.0-4.0,3.57,,clock synced- tested with Lotek 00AA- checked card.  Deployed off USGS big boat off A-frame using 2:1 line lowered to bottom. Marked spot with handheld GPS from stern.,,,,,,,,,,,,
Chipps2.1,Chipps2.1,13071___190306_092024.csv,ATS V3.1,3/6/2019,3/7/2019 16:40,7/1/2019 9:13,7/1/2019 9:13,,64168,60,,,,120,"4.0, 4.0, 4.0, 4.0",3.62,,"clock synced, tested with lotek 00AA, checked card, updated firmate from 2.80 to 2.82, pressure test",,,,,,,,,,,,
Chipps2.2,Chipps2.2,16001___181130_203422.csv,ATSV3.1,11/30/2018,12/3/2018 22:42,3/7/2019 15:40,3/7/2019 15:40,,64180,60,,,,100,4.0-4.0-4.0-4.0,3.54,,clock synced- tested with Lotek 00AA- checked card.  Deployed off USGS big boat off A-frame using 2:1 line lowered to bottom. Marked spot with handheld GPS from stern.,,,,,,,,,,,,
Chipps2.2,Chipps2.2,13017___190228_131046.csv,ATS V3.1,3/6/2019,3/7/2019 16:00,7/1/2019 9:22,7/1/2019 9:22,,64180,60,,,,120,"4.0, 4.0, 4.0, 4.0",3.68,,"updated from 2.65 to 2.82, clock synced, tested with Lotek 00AA, checked card, vacuum test. Beacon tag FAB4 (64180) is dead, was dead at start of deploy.",,,,,,,,,,,,
Chipps2.3,Chipps2.3,13064___181130_191056.csv,ATSV3.1,11/30/2018,12/3/2018 22:47,3/7/2019 15:00,3/7/2019 15:00,,64166,60,,,,100,4.0-4.0-4.0-4.0,3.5,,clock synced- tested with Lotek 00AA- checked card. Deployed off USGS big boat off A-frame using 2:1 line lowered to bottom. Marked spot with handheld GPS from stern.,,,,,,,,,,,,
Chipps2.3,Chipps2.3,15015___190228_104151.csv,ATS V3.0,3/6/2019,3/7/2019 15:30,7/1/2019 8:45,7/1/2019 8:45,,64172,60,,,,120,"4.0, 4.0, 4.0, 4.0",2.48,,"updated from 2.8 to 2.82, clock synced, tested with Lotek 00AA, checked card, vacuum test. Only ran on 3 of 4 subpacks. Crappy crimp job failed on one anderson connector.",,,,,,,,,,,,
Chipps2.4,Chipps2.4,13026___181130_213521.csv,ATSV3.1,11/30/2018,12/3/2018 22:50,3/7/2019 14:20,3/7/2019 14:20,,64171,60,,,,100,4.0-4.0-4.0-4.0,3.54,,clock synced- tested with Lotek 00AA- checked card.  Deployed off USGS big boat off A-frame using 2:1 line lowered to bottom. Marked spot with handheld GPS from stern.,,,,,,,,,,,,
Chipps2.4,Chipps2.4,13030___190227_161002.csv,ATS V3.1,3/6/2019,3/7/2019 14:40,7/1/2019 8:53,7/1/2019 8:53,,64171,60,,,,120,"4.0, 4.0, 4.0, 4.0",3.69,,"updated from 2.8 to 2.82, clock synced, tested with Lotek 00AA, checked card, vacuum test.",,,,,,,,,,,,
Chipps2.5,Chipps2.5,13041___181130_201154.csv,ATSV3.1,11/30/2018,12/3/2018 22:54,3/7/2019 13:36,3/7/2019 13:36,,64170,60,,,,100,4.0-4.0-4.0-4.0,3.52,,clock synced- tested with Lotek 00AA- checked card. Deployed off USGS big boat off A-frame using 2:1 line lowered to bottom. Marked spot with handheld GPS from stern.,,,,,,,,,,,,
Chipps2.5,Chipps2.5,13055___190228_124211.csv,ATS V3.1,3/6/2019,3/7/2019 14:01,7/1/2019 9:00,7/1/2019 9:00,,64170,60,,,,120,"4.0, 4.0, 4.0, 4.0",3.60,,"updated from 2.8 to 2.82, clock synced, tested with Lotek 00AA, checked card, vacuum test.",,,,,,,,,,,,
GG1,GG1,13030___181206_122633.csv,ATS V3.1,12/6/2018,12/7/2018 11:01,2/22/2019 17:43,2/22/2019 17:43,,,,,,,120,4.04,,,clock synced- tested with Lotek 00AA- checked card- cleaned all 3 orings.,,,,,,,,,,,,
GG1,GG1,15018___190208_122142,ATS V3.0,2/20/2019,2/22/2019 18:00,6/4/2019 11:30,6/4/2019 11:30,,,,,,,100,3.98- 4.01- 4.01- 4.00,3.52,,updated from 2.8 to 2.82- clock synced- tested with Lotek 00AA- checked card- vacuum test,,,,,,,,,,,,
GG1,GG1,13018___190322_135518.csv,ATS V3.1,6/3/2019,6/4/2019 12:05,8/6/2019 11:20,8/6/2019 11:20,,,,,,,100,"4.0, 4.0, 4.0, 4.0",3.59,,"clock synced, tested with lotek 0088, checked card, updated firmate from 2.8 to 2.82, pressure test. Vemco downloaded and Batt 80%",,,,,,,,,,,,
GG1.5,GG1.5,19010___190221_180358.csv,ATS Stock,2/21/2019,2/22/2019 15:14,6/4/2019 10:46,6/4/2019 10:46,,,,,,,100,3.18,2.53,,clock synced- tested with Lotek. UC Davis receiver. Deployed w/ float tube and no fin,,,,,,,,,,,,
GG2.1,GG2.1,13017___181023_075910.csv,ATS V3.1,12/6/2018,12/7/2018 22:32,2/22/2019 17:18,2/22/2019 17:18,,,,,,,120,4. 3.99-4.01-4,,,clock synced- tested with Lotek 00AA- checked card- cleaned all 3 orings.,,,,,,,,,,,,
GG2.1,GG2.1,15001___190208_112845.csv,ATS V3.0,2/20/2019,2/22/2019 17:37,6/5/2019 7:50,6/5/2019 7:50,,,,,,,100,4.01- 4.00- 4.02- 4.01,3.47,,updated from 2.8 to 2.82- clock synced- tested with Lotek 00AA- checked card- vacuum test. Tooks ~5 tries to communicates. Had to be wells upstream of receiver while drifing west (outgoing tide),,,,,,,,,,,,
GG2.1,GG2.1,15018___190604_174032.csv,ATS 3.0,6/4/2019,6/5/2019 8:16,8/6/2019 11:20,8/6/2019 11:20,,,,,,,100,4.0,3.6,,Put new batteries in and redeployed. Vemco downloaded and Batt 80%,,,,,,,,,,,,
GG2.5,GG2.5,none,ATS Stock,2/21/2019,2/22/2019 15:33,6/4/2019 10:46,6/4/2019 10:46,,,,,,,100,,,,clock synced- tested with Lotek. UC Davis receiver. Deployed w/ float tube and no fin. ATS gone shackle eroded. No thimble used. JSATS gone. Attached to line with shackle and no thimble. VR2AR came up because of 2 ball floats.,,,,,,,,,,,,
GG3.1,GG3.1,13046___181206_144533.csv,ATSV3.1 no halo,12/6/2018,12/7/2018 22:05,3/21/2019 11:36,3/21/2019 11:36,,,,,,,120,4,,,clock synced- tested with Lotek 00AA- checked card- cleaned all 3 orings. Lots of current ripping though this site. Worked best to communicate ~50m South and West of point,,,,,,,,,,,,
GG3.1,GG3.1,13046___190322_142500.csv,ATS V3.1,6/3/2019,6/4/2019 14:00,8/6/2019 12:10,8/6/2019 12:10,,,,,,,100,"4.0, 4.0, 4.0, 4.0",3.58,,"clock synced, tested with lotek 0088, checked card, updated firmate from 2.8 to 2.82, pressure test. Vemco downloaded and Batt 80%",,,,,,,,,,,,
GG3.1,GG3.1,13026___190308_135123,ATS V3.1,3/8/2019,3/21/2019 12:20,6/4/2019 13:50,6/4/2019 13:50,,,,,,,90,"4.05, 4.05, 4.05",3.7,,"clock synced, tested with lotek 00AA, checked card, updated firmate from 2.8 to 2.82, pressure test. New batt in Vemco reciever. Swapped out 547177. Deployed reciever ~20m east of waypoint. Used JSATS #1 GPS",,,,,,,,,,,,
GG4,GG4,15015___181206_133107.csv,ATSV3.0 no halo,12/6/2018,12/7/2018 21:36,2/22/2019 16:22,2/22/2019 16:22,,,,,,,120,4.01,,,clock synced- tested with Lotek 00AA- checked card- cleaned all 3 orings. Dropped 150m East of GG4 waypoint. Took 4 tries to find. Worked better when D/S,,,,,,,,,,,,
GG4,GG4,15043___190208_101419.csv,ATS V3.0,2/20/2019,2/22/2019 16:41,6/5/2019 8:36,6/5/2019 8:36,,,,,,,100,4.02- 4.02- 4.00- 4.02,3.43,,updated from 2.8 to 2.82- clock synced- tested with Lotek 00AA- checked card- vacuum test,,,,,,,,,,,,
GG4,GG4,15012___190604_180224.csv,ATS 3.0,6/4/2019,6/5/2019 8:59,8/6/2019 12:58,8/6/2019 12:58,,,,,,,100,,3.58,,New batteries in ATS and redeployed. Vemco downloaded and Batt 80%,,,,,,,,,,,,
GG5.1,GG5.1,15020___190208_110610.csv,ATS V3.0,2/20/2019,2/22/2019 16:13,6/5/2019 9:06,6/5/2019 9:06,,,,,,,100,4.00- 4.03- 4.02- 4.01,3.50,,updated from 2.8 to 2.82- clock synced- tested with Lotek 00AA- checked card- vacuum test. Current ripping through site,,,,,,,,,,,,
GG5.1,GG5.1,15007___181206_152134.csv,ATSV3.0  no halo,12/6/2018,12/7/2018 20:53,2/22/2019 16:52,2/22/2019 16:52,,,,,,,100,4.0- 4.01,,,clock synced- tested with Lotek 00AA- checked card- cleaned all 3 orings.,,,,,,,,,,,,
GG5.1,GG5.1,13026___190604_175357.csv,ATS 3.0,6/4/2019,6/5/2019 9:26,8/7/2019 11:50,8/7/2019 11:50,,,,,,,100,4.0,3.74,,New batteries in ATS and redeployed. Vemco downloaded and Batt 80%,,,,,,,,,,,,
GG6,GG6,13034___190220_134555.csv,ATS V3.1,2/20/2019,2/22/2019 13:54,6/4/2019 12:10,6/4/2019 12:10,,,,,,,100,4.04- 4.02- 4.04- 3.95,3.49,,updated from 2.8 to 2.82- clock synced- tested with Lotek 00AA- checked card- vacuum test.,,,,,,,,,,,,
GG6,GG6,15025___181206_123724.csv,ATSV3.0 no halo,12/6/2018,12/7/2018 11:30,2/22/2019 13:11,2/22/2019 13:11,,,,,,,120,4.05,,,clock synced- tested with Lotek 00AA- checked card- cleaned all 3 orings. Vemco bat ~50%,,,,,,,,,,,,
GG6,GG6,13045___190322_113712.csv,ATS V3.1,6/3/2019,6/4/2019 12:05,8/6/2019 10:10,8/6/2019 10:10,,,,,,,90,"4.0, 4.0, 4.0",3.74,,"clock synced, tested with lotek 00AA, checked card, updated firmate from 2.8 to 2.82, pressure test. Vemco downloaded and Batt 80%",,,,,,,,,,,,
GG6.5,GG6.5,SR18153_190221_184438.csv,ATS Stock,2/21/2019,2/22/2019 14:15,6/4/2019 11:15,6/4/2019 11:15,,,,,,,100,3.27,2.47,,clock synced- tested with Lotek. UC Davis receiver. Deployed w/ float tube and no fin,,,,,,,,,,,,
GG7,GG7,15012___190208_094108.csv,ATS V3.0,2/20/2019,2/22/2019 12:42,6/4/2019 12:45,6/4/2019 12:45,,,,,,,100,4.04- 4.00- 4.02- 4.05,3.47,,updated from 2.8 to 2.82- clock synced- tested with Lotek 00AA- checked card- vacuum test. could not communicate with receiver previously deployed at this site. Deployed this one on top of the other,,,,,,,,,,,,
GG7,GG7,13018___181206_151225.csv,ATS V3.1,12/6/2018,12/7/2018 14:14,3/21/2019 12:30,3/21/2019 12:30,,,,,,,120,4.01,3.71,,"clock synced- tested with Lotek 00AA- checked card- cleaned all 3 orings. Deployed reciever ~ 50m East of GPS point vemco bat ~ 50%. Communicated with reciever on 1st try during slack tide, could not communicate on previous tries during moving tide. Vemco 547182 removed from site.",,,,,,,,,,,,
GG7,GG7,13058___190327_124748,ATS V3.1,6/3/2019,6/4/2019 13:15,8/7/2019 11:10,8/7/2019 11:10,,,,,,,120,"4.0, 4.0, 4.0, 4.0",3.75,,"clock synced, tested with lotek 00AA, checked card, updated firmate from 2.8 to 2.82, pressure test. Vemco downloaded and Batt 80%. Damaged Hydrophone",,,,,,,,,,,,
GG7.2,GG7.2,SR19008_190221_183439.csv,ATS Stock,2/21/2019,2/22/2019 13:03,6/4/2019 13:27,6/4/2019 13:27,,,,,,,100,3.17,2.49,,clock synced- tested with Lotek. new location for 2019. Deployed UC Davis ATS stock receiver,,,,,,,,,,,,
GG7.5,GG7.5,15045___190208_103730.csv,ATS V3.0,2/20/2019,2/22/2019 11:20,6/4/2019 14:35,6/4/2019 14:35,,,,,,,100,3.97- 3.98- 4.00- 4.00,3.44,,updated from 2.8 to 2.82- clock synced- tested with Lotek 00AA- checked card- vacuum test. installed new hardwear (bolts/nuts) on fin strap. New vemco AR/new batts,,,,,,,,,,,,
GG7.5,GG7.5,13008___181206_141801.csv,ATS V3.1,12/6/2018,12/7/2018 13:49,2/22/2019 10:45,2/22/2019 10:45,,,,,,,120,4.01,,,clock synced- tested with Lotek 00AA- checked card- cleaned all 3 orings. Deployed ~70m from site vemco bat ~50%,,,,,,,,,,,,
GG7.5,GG7.5,16008___190328_094156.csv,ATS V3.1,6/3/2019,6/4/2019 14:55,8/7/2019 10:50,8/7/2019 10:50,,,,,,,100,"4.0, 4.0, 4.0, 4.0",3.58,,"clock synced, tested with lotek 00AA, checked card, updated firmware from 2.8 to 2.82. Vemco downloaded and Batt 80%",,,,,,,,,,,,
GG8,GG8,15006___190208_124546.csv,ATS V3.0,2/20/2019,2/22/2019 10:38,6/5/2019 9:35,6/5/2019 9:35,,,,,,,100,4.00- 3.99- 4.00- 4.02,3.34,,"updated from 2.8 to 2.82- clock synced- tested with Lotek 00AA- checked card- vacuum test. new Vemco AR, new battery. New anti seize on bolt",,,,,,,,,,,,
GG8,GG8,13051___181206_135947.csv,ATSV3.1 no halo,12/6/2018,12/7/2018 13:24,2/22/2019 22:03,2/22/2019 22:03,,,,,,,120,4.02,,,clock synced- tested with Lotek 00AA- checked card- cleaned all 3 orings. Dropped ~50m to east of waypoint,,,,,,,,,,,,
GG8,GG8,13034___190604_181747.csv,ATS 3.1,6/4/2019,6/5/2019 9:54,8/7/2019 10:30,8/7/2019 10:30,,,,,,,100,4.0,3.75,,New batteries in ATS and redeployed. Vemco downloaded and Batt 80%,,,,,,,,,,,,
GG9,GG9,15011___190208_115443.csv,ATS V3.0,2/20/2019,2/22/2019 9:55,6/5/2019 10:02,6/5/2019 10:02,,,,,,,100,4.03- 4.00- 4.01- 4.02,3.45,,updated from 2.8 to 2.82- clock synced- tested with Lotek 00AA- checked card- vacuum test. swapped Vemco AR. New battery installed 19 Feb 2019. re-used mooring and fin from old set-up,,,,,,,,,,,,
GG9,GG9,13055___181206_120004.csv,ATSV3.1 no halo,12/6/2018,12/7/2018 12:58,2/22/2019 9:10,2/22/2019 9:10,,,,,,,120,4.04,,,"clock synced- tested with Lotek 00AA- checked card- cleaned all 3 orings. Vemco bat ~50%, droppe receiver ~30m from GPS point",,,,,,,,,,,,
GG9,GG9,15045___190604_182556.csv,ATS V3.0,6/4/2019,6/5/2019 10:17,8/7/2019 10:20,8/7/2019 10:20,,,,,,,100,4.0,3.46,,New Batteries in ATS and redeployed. Vemco downloaded and Batt 80%,,,,,,,,,,,,
